experiment_id,branch_or_ref,commit,actual_path,sha256,protocol_path,checkpoint_path,raw_result_path,pde,parameterization,architecture,dtype,planned_n,available_n,historical_valid_n,status,reuse_decision,reason
E0_burgers_55,posthoc/exact-fixed-state-decomposition-v3,39343bc32ae38ea2ad118011105cf4cb2c2f3241,C:\Users\RZF\Desktop\博士课题资料\SAEPS\outputs\posthoc\exact_fixed_state_v3\burgers\seed_55.json,0a9675fc92a1582e708edb6cf531f45cb49db7fb27b7a4be6e08e9621b92565f,C:\Users\RZF\Desktop\博士课题资料\SAEPS\configs\posthoc_exact_fixed_state_v3.yaml,,outputs/runs/v4_2_corrected_confirmation/records/seed_55.json,burgers,log physical parameter,one-hidden-layer tanh; n=65,float64,15,1,1,MATRIX_AVAILABLE,retrospective_E0,Matrices available; original theta/data/gradient tensors not archived in this record
E0_burgers_56,posthoc/exact-fixed-state-decomposition-v3,39343bc32ae38ea2ad118011105cf4cb2c2f3241,C:\Users\RZF\Desktop\博士课题资料\SAEPS\outputs\posthoc\exact_fixed_state_v3\burgers\seed_56.json,910873f8b314ebfdf7e7db39d6b7679e6c727c20114b80440423621155de33bc,C:\Users\RZF\Desktop\博士课题资料\SAEPS\configs\posthoc_exact_fixed_state_v3.yaml,,outputs/runs/v4_2_corrected_confirmation/records/seed_56.json,burgers,log physical parameter,one-hidden-layer tanh; n=65,float64,15,1,1,MATRIX_AVAILABLE,retrospective_E0,Matrices available; original theta/data/gradient tensors not archived in this record
E0_burgers_57,posthoc/exact-fixed-state-decomposition-v3,39343bc32ae38ea2ad118011105cf4cb2c2f3241,C:\Users\RZF\Desktop\博士课题资料\SAEPS\outputs\posthoc\exact_fixed_state_v3\burgers\seed_57.json,8a6128bfab73cc8b0baba77ab399adc2fad312226078996d7b58f092c1e55ed2,C:\Users\RZF\Desktop\博士课题资料\SAEPS\configs\posthoc_exact_fixed_state_v3.yaml,,outputs/runs/v4_2_corrected_confirmation/records/seed_57.json,burgers,log physical parameter,,float64,15,0,0,HISTORICAL_INVALID_OR_MISSING,retain_failure,frozen center policy failed
E0_burgers_58,posthoc/exact-fixed-state-decomposition-v3,39343bc32ae38ea2ad118011105cf4cb2c2f3241,C:\Users\RZF\Desktop\博士课题资料\SAEPS\outputs\posthoc\exact_fixed_state_v3\burgers\seed_58.json,9e5771bdbdc7b11449cd6e5b12535f354f05c29462b2080aab05a6c088529115,C:\Users\RZF\Desktop\博士课题资料\SAEPS\configs\posthoc_exact_fixed_state_v3.yaml,,outputs/runs/v4_2_corrected_confirmation/records/seed_58.json,burgers,log physical parameter,one-hidden-layer tanh; n=65,float64,15,1,1,MATRIX_AVAILABLE,retrospective_E0,Matrices available; original theta/data/gradient tensors not archived in this record
E0_burgers_59,posthoc/exact-fixed-state-decomposition-v3,39343bc32ae38ea2ad118011105cf4cb2c2f3241,C:\Users\RZF\Desktop\博士课题资料\SAEPS\outputs\posthoc\exact_fixed_state_v3\burgers\seed_59.json,c114a44f04d4fa224ac87315a478f79a22596d161a0c12579f998cf31be74b69,C:\Users\RZF\Desktop\博士课题资料\SAEPS\configs\posthoc_exact_fixed_state_v3.yaml,,outputs/runs/v4_2_corrected_confirmation/records/seed_59.json,burgers,log physical parameter,one-hidden-layer tanh; n=65,float64,15,1,1,MATRIX_AVAILABLE,retrospective_E0,Matrices available; original theta/data/gradient tensors not archived in this record
E0_burgers_60,posthoc/exact-fixed-state-decomposition-v3,39343bc32ae38ea2ad118011105cf4cb2c2f3241,C:\Users\RZF\Desktop\博士课题资料\SAEPS\outputs\posthoc\exact_fixed_state_v3\burgers\seed_60.json,e9279d0066d2e70f795eff0bd9a61085ddafe6ea718ebaf52f0166fe438f4252,C:\Users\RZF\Desktop\博士课题资料\SAEPS\configs\posthoc_exact_fixed_state_v3.yaml,,outputs/runs/v4_2_corrected_confirmation/records/seed_60.json,burgers,log physical parameter,one-hidden-layer tanh; n=65,float64,15,1,1,MATRIX_AVAILABLE,retrospective_E0,Matrices available; original theta/data/gradient tensors not archived in this record
E0_burgers_61,posthoc/exact-fixed-state-decomposition-v3,39343bc32ae38ea2ad118011105cf4cb2c2f3241,C:\Users\RZF\Desktop\博士课题资料\SAEPS\outputs\posthoc\exact_fixed_state_v3\burgers\seed_61.json,309a291b6ca56fcac0ddc00709cca5568f3f62042b046f50b4f7589a967f094e,C:\Users\RZF\Desktop\博士课题资料\SAEPS\configs\posthoc_exact_fixed_state_v3.yaml,,outputs/runs/v4_2_corrected_confirmation/records/seed_61.json,burgers,log physical parameter,,float64,15,0,0,HISTORICAL_INVALID_OR_MISSING,retain_failure,frozen center policy failed
E0_burgers_62,posthoc/exact-fixed-state-decomposition-v3,39343bc32ae38ea2ad118011105cf4cb2c2f3241,C:\Users\RZF\Desktop\博士课题资料\SAEPS\outputs\posthoc\exact_fixed_state_v3\burgers\seed_62.json,1ec4ec3b09ca34c62c863d8744fac2f5560b445cd55c6c1c9b4778b8babb352e,C:\Users\RZF\Desktop\博士课题资料\SAEPS\configs\posthoc_exact_fixed_state_v3.yaml,,outputs/runs/v4_2_corrected_confirmation/records/seed_62.json,burgers,log physical parameter,one-hidden-layer tanh; n=65,float64,15,1,1,MATRIX_AVAILABLE,retrospective_E0,Matrices available; original theta/data/gradient tensors not archived in this record
E0_burgers_63,posthoc/exact-fixed-state-decomposition-v3,39343bc32ae38ea2ad118011105cf4cb2c2f3241,C:\Users\RZF\Desktop\博士课题资料\SAEPS\outputs\posthoc\exact_fixed_state_v3\burgers\seed_63.json,044553b825d9c26331914cf41dfbde143970d44e37bf20df0f6ff1ae54cd5205,C:\Users\RZF\Desktop\博士课题资料\SAEPS\configs\posthoc_exact_fixed_state_v3.yaml,,outputs/runs/v4_2_corrected_confirmation/records/seed_63.json,burgers,log physical parameter,,float64,15,0,0,HISTORICAL_INVALID_OR_MISSING,retain_failure,frozen center policy failed
E0_burgers_64,posthoc/exact-fixed-state-decomposition-v3,39343bc32ae38ea2ad118011105cf4cb2c2f3241,C:\Users\RZF\Desktop\博士课题资料\SAEPS\outputs\posthoc\exact_fixed_state_v3\burgers\seed_64.json,e627436c9468e2e3060aa3d3ad9120ccdd6d8c67e6a301c3b7b7ddc5311be627,C:\Users\RZF\Desktop\博士课题资料\SAEPS\configs\posthoc_exact_fixed_state_v3.yaml,,outputs/runs/v4_2_corrected_confirmation/records/seed_64.json,burgers,log physical parameter,one-hidden-layer tanh; n=65,float64,15,1,1,MATRIX_AVAILABLE,retrospective_E0,Matrices available; original theta/data/gradient tensors not archived in this record
E0_burgers_65,posthoc/exact-fixed-state-decomposition-v3,39343bc32ae38ea2ad118011105cf4cb2c2f3241,C:\Users\RZF\Desktop\博士课题资料\SAEPS\outputs\posthoc\exact_fixed_state_v3\burgers\seed_65.json,2cbb071aa476043dc13283501ddc231a6ddf14f6dc242c34c39d17a78b01bc02,C:\Users\RZF\Desktop\博士课题资料\SAEPS\configs\posthoc_exact_fixed_state_v3.yaml,,outputs/runs/v4_2_corrected_confirmation/records/seed_65.json,burgers,log physical parameter,one-hidden-layer tanh; n=65,float64,15,1,1,MATRIX_AVAILABLE,retrospective_E0,Matrices available; original theta/data/gradient tensors not archived in this record
E0_burgers_66,posthoc/exact-fixed-state-decomposition-v3,39343bc32ae38ea2ad118011105cf4cb2c2f3241,C:\Users\RZF\Desktop\博士课题资料\SAEPS\outputs\posthoc\exact_fixed_state_v3\burgers\seed_66.json,0825ba2c573b65180691f28433ed5d0ee1785061a47d974cfc017217682883ce,C:\Users\RZF\Desktop\博士课题资料\SAEPS\configs\posthoc_exact_fixed_state_v3.yaml,,outputs/runs/v4_2_corrected_confirmation/records/seed_66.json,burgers,log physical parameter,one-hidden-layer tanh; n=65,float64,15,1,1,MATRIX_AVAILABLE,retrospective_E0,Matrices available; original theta/data/gradient tensors not archived in this record
E0_burgers_67,posthoc/exact-fixed-state-decomposition-v3,39343bc32ae38ea2ad118011105cf4cb2c2f3241,C:\Users\RZF\Desktop\博士课题资料\SAEPS\outputs\posthoc\exact_fixed_state_v3\burgers\seed_67.json,8fd2dbdb2b09d82c1bc069362ba0d041e993f5d608416b7066e121e378517cae,C:\Users\RZF\Desktop\博士课题资料\SAEPS\configs\posthoc_exact_fixed_state_v3.yaml,,outputs/runs/v4_2_corrected_confirmation/records/seed_67.json,burgers,log physical parameter,one-hidden-layer tanh; n=65,float64,15,1,1,MATRIX_AVAILABLE,retrospective_E0,Matrices available; original theta/data/gradient tensors not archived in this record
E0_burgers_68,posthoc/exact-fixed-state-decomposition-v3,39343bc32ae38ea2ad118011105cf4cb2c2f3241,C:\Users\RZF\Desktop\博士课题资料\SAEPS\outputs\posthoc\exact_fixed_state_v3\burgers\seed_68.json,0e291feac3f34c20b92ff0882abd768a6a853ea2142399f119eb0f1bf39eeac2,C:\Users\RZF\Desktop\博士课题资料\SAEPS\configs\posthoc_exact_fixed_state_v3.yaml,,outputs/runs/v4_2_corrected_confirmation/records/seed_68.json,burgers,log physical parameter,one-hidden-layer tanh; n=65,float64,15,1,1,MATRIX_AVAILABLE,retrospective_E0,Matrices available; original theta/data/gradient tensors not archived in this record
E0_burgers_69,posthoc/exact-fixed-state-decomposition-v3,39343bc32ae38ea2ad118011105cf4cb2c2f3241,C:\Users\RZF\Desktop\博士课题资料\SAEPS\outputs\posthoc\exact_fixed_state_v3\burgers\seed_69.json,08bfd58eae9a6ecab524e7c8ad84968f73eac544cd0765dd1247c26155c7da16,C:\Users\RZF\Desktop\博士课题资料\SAEPS\configs\posthoc_exact_fixed_state_v3.yaml,,outputs/runs/v4_2_corrected_confirmation/records/seed_69.json,burgers,log physical parameter,one-hidden-layer tanh; n=65,float64,15,1,1,MATRIX_AVAILABLE,retrospective_E0,Matrices available; original theta/data/gradient tensors not archived in this record
E0_allen_cahn_75,posthoc/exact-fixed-state-decomposition-v3,39343bc32ae38ea2ad118011105cf4cb2c2f3241,C:\Users\RZF\Desktop\博士课题资料\SAEPS\outputs\posthoc\exact_fixed_state_v3\allen_cahn\seed_75.json,b005c48821a818eca397a9e4f6c878d5d36bf297c95edbd04e9d53f4e9e93151,C:\Users\RZF\Desktop\博士课题资料\SAEPS\configs\posthoc_exact_fixed_state_v3.yaml,,outputs/runs/v4_4_allen_cahn_confirmation/architecture_w8/seed_75/result.json,allen_cahn,log physical parameter,one-hidden-layer tanh; n=33,float64,10,1,1,MATRIX_AVAILABLE,retrospective_E0,Matrices available; original theta/data/gradient tensors not archived in this record
E0_allen_cahn_76,posthoc/exact-fixed-state-decomposition-v3,39343bc32ae38ea2ad118011105cf4cb2c2f3241,C:\Users\RZF\Desktop\博士课题资料\SAEPS\outputs\posthoc\exact_fixed_state_v3\allen_cahn\seed_76.json,bc8cf9109132040319e2c7278cb8823ab23e42fd669bbad93afc7b0d7fe0161e,C:\Users\RZF\Desktop\博士课题资料\SAEPS\configs\posthoc_exact_fixed_state_v3.yaml,,outputs/runs/v4_4_allen_cahn_confirmation/architecture_w8/seed_76/result.json,allen_cahn,log physical parameter,one-hidden-layer tanh; n=33,float64,10,1,1,MATRIX_AVAILABLE,retrospective_E0,Matrices available; original theta/data/gradient tensors not archived in this record
E0_allen_cahn_77,posthoc/exact-fixed-state-decomposition-v3,39343bc32ae38ea2ad118011105cf4cb2c2f3241,C:\Users\RZF\Desktop\博士课题资料\SAEPS\outputs\posthoc\exact_fixed_state_v3\allen_cahn\seed_77.json,3d707ba0ee110688bbe955d5044b6f1938261f589d2b58b75fe181ebc2807c83,C:\Users\RZF\Desktop\博士课题资料\SAEPS\configs\posthoc_exact_fixed_state_v3.yaml,,outputs/runs/v4_4_allen_cahn_confirmation/architecture_w8/seed_77/result.json,allen_cahn,log physical parameter,one-hidden-layer tanh; n=33,float64,10,1,1,MATRIX_AVAILABLE,retrospective_E0,Matrices available; original theta/data/gradient tensors not archived in this record
E0_allen_cahn_78,posthoc/exact-fixed-state-decomposition-v3,39343bc32ae38ea2ad118011105cf4cb2c2f3241,C:\Users\RZF\Desktop\博士课题资料\SAEPS\outputs\posthoc\exact_fixed_state_v3\allen_cahn\seed_78.json,637368ec4fa0bb0e5025e71f9e130c1abab65af1fcb497e2d631092e01ec0768,C:\Users\RZF\Desktop\博士课题资料\SAEPS\configs\posthoc_exact_fixed_state_v3.yaml,,outputs/runs/v4_4_allen_cahn_confirmation/architecture_w8/seed_78/result.json,allen_cahn,log physical parameter,one-hidden-layer tanh; n=33,float64,10,1,1,MATRIX_AVAILABLE,retrospective_E0,Matrices available; original theta/data/gradient tensors not archived in this record
E0_allen_cahn_79,posthoc/exact-fixed-state-decomposition-v3,39343bc32ae38ea2ad118011105cf4cb2c2f3241,C:\Users\RZF\Desktop\博士课题资料\SAEPS\outputs\posthoc\exact_fixed_state_v3\allen_cahn\seed_79.json,f245f5791150ab94e672b3751b8f08c2161cec27ddbcbe5c50de47c526834645,C:\Users\RZF\Desktop\博士课题资料\SAEPS\configs\posthoc_exact_fixed_state_v3.yaml,,outputs/runs/v4_4_allen_cahn_confirmation/architecture_w8/seed_79/result.json,allen_cahn,log physical parameter,one-hidden-layer tanh; n=33,float64,10,1,1,MATRIX_AVAILABLE,retrospective_E0,Matrices available; original theta/data/gradient tensors not archived in this record
E0_allen_cahn_80,posthoc/exact-fixed-state-decomposition-v3,39343bc32ae38ea2ad118011105cf4cb2c2f3241,C:\Users\RZF\Desktop\博士课题资料\SAEPS\outputs\posthoc\exact_fixed_state_v3\allen_cahn\seed_80.json,df584bfaf877afebed06f5cbef9fc816df1b424e4cb4af8d36a483cdc8659966,C:\Users\RZF\Desktop\博士课题资料\SAEPS\configs\posthoc_exact_fixed_state_v3.yaml,,outputs/runs/v4_4_allen_cahn_confirmation/architecture_w8/seed_80/result.json,allen_cahn,log physical parameter,one-hidden-layer tanh; n=33,float64,10,1,1,MATRIX_AVAILABLE,retrospective_E0,Matrices available; original theta/data/gradient tensors not archived in this record
E0_allen_cahn_81,posthoc/exact-fixed-state-decomposition-v3,39343bc32ae38ea2ad118011105cf4cb2c2f3241,C:\Users\RZF\Desktop\博士课题资料\SAEPS\outputs\posthoc\exact_fixed_state_v3\allen_cahn\seed_81.json,a444f6c30ec8d8512f717a911328e1c33ba243de610d3dd77ddf4c1a7657d16d,C:\Users\RZF\Desktop\博士课题资料\SAEPS\configs\posthoc_exact_fixed_state_v3.yaml,,outputs/runs/v4_4_allen_cahn_confirmation/architecture_w8/seed_81/result.json,allen_cahn,log physical parameter,,float64,10,0,0,HISTORICAL_INVALID_OR_MISSING,retain_failure,frozen center policy failed
E0_allen_cahn_82,posthoc/exact-fixed-state-decomposition-v3,39343bc32ae38ea2ad118011105cf4cb2c2f3241,C:\Users\RZF\Desktop\博士课题资料\SAEPS\outputs\posthoc\exact_fixed_state_v3\allen_cahn\seed_82.json,ed9176c5b69126855a0a097ff0ccb778761d606e671f88dad5ed4d6545c5c1e5,C:\Users\RZF\Desktop\博士课题资料\SAEPS\configs\posthoc_exact_fixed_state_v3.yaml,,outputs/runs/v4_4_allen_cahn_confirmation/architecture_w8/seed_82/result.json,allen_cahn,log physical parameter,one-hidden-layer tanh; n=33,float64,10,1,1,MATRIX_AVAILABLE,retrospective_E0,Matrices available; original theta/data/gradient tensors not archived in this record
E0_allen_cahn_83,posthoc/exact-fixed-state-decomposition-v3,39343bc32ae38ea2ad118011105cf4cb2c2f3241,C:\Users\RZF\Desktop\博士课题资料\SAEPS\outputs\posthoc\exact_fixed_state_v3\allen_cahn\seed_83.json,7db6776bbcfe203f773d412edf83a938350335e1208850d199a0897e1f82598c,C:\Users\RZF\Desktop\博士课题资料\SAEPS\configs\posthoc_exact_fixed_state_v3.yaml,,outputs/runs/v4_4_allen_cahn_confirmation/architecture_w8/seed_83/result.json,allen_cahn,log physical parameter,one-hidden-layer tanh; n=33,float64,10,1,1,MATRIX_AVAILABLE,retrospective_E0,Matrices available; original theta/data/gradient tensors not archived in this record
E0_allen_cahn_84,posthoc/exact-fixed-state-decomposition-v3,39343bc32ae38ea2ad118011105cf4cb2c2f3241,C:\Users\RZF\Desktop\博士课题资料\SAEPS\outputs\posthoc\exact_fixed_state_v3\allen_cahn\seed_84.json,b9c36ff5592c8bb1eb194728081363b05ba980b4020556db4b2041b03b85990c,C:\Users\RZF\Desktop\博士课题资料\SAEPS\configs\posthoc_exact_fixed_state_v3.yaml,,outputs/runs/v4_4_allen_cahn_confirmation/architecture_w8/seed_84/result.json,allen_cahn,log physical parameter,one-hidden-layer tanh; n=33,float64,10,1,1,MATRIX_AVAILABLE,retrospective_E0,Matrices available; original theta/data/gradient tensors not archived in this record
checkpoint,main,cd01a26072f8d87c09efef4be217eff17373e39a,outputs/runs/v5/checkpoints/allen_cahn/seed_70/model_state.pt,92657ac54fca77c67e593578d2407c184b70a81b98a1a6e57444f8787b2b9766,,outputs/runs/v5/checkpoints/allen_cahn/seed_70/model_state.pt,outputs/runs/v5/checkpoints/allen_cahn/seed_70/model_state.pt,,,,,,1,,AVAILABLE,checkpoint,Inspected reachable Git blob; not new independent evidence
checkpoint,main,cd01a26072f8d87c09efef4be217eff17373e39a,outputs/runs/v5/checkpoints/allen_cahn/seed_71/model_state.pt,408c7675ac688a97bc495c8eb0144006a0faa17f88cc5d3dc3c46d62942b0888,,outputs/runs/v5/checkpoints/allen_cahn/seed_71/model_state.pt,outputs/runs/v5/checkpoints/allen_cahn/seed_71/model_state.pt,,,,,,1,,AVAILABLE,checkpoint,Inspected reachable Git blob; not new independent evidence
checkpoint,main,cd01a26072f8d87c09efef4be217eff17373e39a,outputs/runs/v5/checkpoints/allen_cahn/seed_72/model_state.pt,50903b7a4f54aaf61a41fbcc1857c8a07577db097b4c77e413ab182333584084,,outputs/runs/v5/checkpoints/allen_cahn/seed_72/model_state.pt,outputs/runs/v5/checkpoints/allen_cahn/seed_72/model_state.pt,,,,,,1,,AVAILABLE,checkpoint,Inspected reachable Git blob; not new independent evidence
checkpoint,main,cd01a26072f8d87c09efef4be217eff17373e39a,outputs/runs/v5/checkpoints/allen_cahn/seed_73/model_state.pt,0a1b4db15f78debd4185638114f02d0f9e3746accc19f047272e12cb8c008929,,outputs/runs/v5/checkpoints/allen_cahn/seed_73/model_state.pt,outputs/runs/v5/checkpoints/allen_cahn/seed_73/model_state.pt,,,,,,1,,AVAILABLE,checkpoint,Inspected reachable Git blob; not new independent evidence
checkpoint,main,cd01a26072f8d87c09efef4be217eff17373e39a,outputs/runs/v5/checkpoints/allen_cahn/seed_74/model_state.pt,254a60960ed8cd6feee27206dc4d7c522014626ee13d6e38cf3d7a733c95fa33,,outputs/runs/v5/checkpoints/allen_cahn/seed_74/model_state.pt,outputs/runs/v5/checkpoints/allen_cahn/seed_74/model_state.pt,,,,,,1,,AVAILABLE,checkpoint,Inspected reachable Git blob; not new independent evidence
checkpoint,main,cd01a26072f8d87c09efef4be217eff17373e39a,outputs/runs/v5/checkpoints/burgers/seed_45/model_state.pt,1c563a53ca707b1d27810f33ce89f8ff504ca7345dca3a33e3901d6bfef4155b,,outputs/runs/v5/checkpoints/burgers/seed_45/model_state.pt,outputs/runs/v5/checkpoints/burgers/seed_45/model_state.pt,,,,,,1,,AVAILABLE,checkpoint,Inspected reachable Git blob; not new independent evidence
checkpoint,main,cd01a26072f8d87c09efef4be217eff17373e39a,outputs/runs/v5/checkpoints/burgers/seed_46/model_state.pt,a616b6b6f4de4354dc817c09605d99ad0ad8cf7dc123a06d4211a4a1e02ac8d2,,outputs/runs/v5/checkpoints/burgers/seed_46/model_state.pt,outputs/runs/v5/checkpoints/burgers/seed_46/model_state.pt,,,,,,1,,AVAILABLE,checkpoint,Inspected reachable Git blob; not new independent evidence
checkpoint,main,cd01a26072f8d87c09efef4be217eff17373e39a,outputs/runs/v5/checkpoints/burgers/seed_47/model_state.pt,985f5fb63e2afb7b85b936faf9c5e6ebcbf3f50c58506c2eac0bd18a869a041d,,outputs/runs/v5/checkpoints/burgers/seed_47/model_state.pt,outputs/runs/v5/checkpoints/burgers/seed_47/model_state.pt,,,,,,1,,AVAILABLE,checkpoint,Inspected reachable Git blob; not new independent evidence
checkpoint,main,cd01a26072f8d87c09efef4be217eff17373e39a,outputs/runs/v5/checkpoints/profile_heldout/seed_200/model_state.pt,63df6d7b6f008a10bea638bb03f6667bcdd3c443f4aa97ab091c248e0e1f0831,,outputs/runs/v5/checkpoints/profile_heldout/seed_200/model_state.pt,outputs/runs/v5/checkpoints/profile_heldout/seed_200/model_state.pt,,,,,,1,,AVAILABLE,checkpoint,Inspected reachable Git blob; not new independent evidence
checkpoint,main,cd01a26072f8d87c09efef4be217eff17373e39a,outputs/runs/v5/checkpoints/profile_heldout/seed_201/model_state.pt,c8ac1dca909eb810c03e5b7b0db8ab3d65c8bed11661ac816f5dbbe8aad1bd86,,outputs/runs/v5/checkpoints/profile_heldout/seed_201/model_state.pt,outputs/runs/v5/checkpoints/profile_heldout/seed_201/model_state.pt,,,,,,1,,AVAILABLE,checkpoint,Inspected reachable Git blob; not new independent evidence
checkpoint,main,cd01a26072f8d87c09efef4be217eff17373e39a,outputs/runs/v5/checkpoints/profile_heldout/seed_202/model_state.pt,56fad018df458bbd38450af9a33c076dbad9de39d0475a4572b8984abd4d6feb,,outputs/runs/v5/checkpoints/profile_heldout/seed_202/model_state.pt,outputs/runs/v5/checkpoints/profile_heldout/seed_202/model_state.pt,,,,,,1,,AVAILABLE,checkpoint,Inspected reachable Git blob; not new independent evidence
checkpoint,main,cd01a26072f8d87c09efef4be217eff17373e39a,outputs/runs/v5/checkpoints/profile_heldout/seed_203/model_state.pt,d1c8ccdea0ebe12784e9c1132a93d2b63bdc7e346972bd33db323eea80954507,,outputs/runs/v5/checkpoints/profile_heldout/seed_203/model_state.pt,outputs/runs/v5/checkpoints/profile_heldout/seed_203/model_state.pt,,,,,,1,,AVAILABLE,checkpoint,Inspected reachable Git blob; not new independent evidence
checkpoint,main,cd01a26072f8d87c09efef4be217eff17373e39a,outputs/runs/v5/checkpoints/profile_heldout/seed_204/model_state.pt,a82512aec9c7a88a5befe74c32e8be182fbbfce4719e03e8e1046aba43c744c2,,outputs/runs/v5/checkpoints/profile_heldout/seed_204/model_state.pt,outputs/runs/v5/checkpoints/profile_heldout/seed_204/model_state.pt,,,,,,1,,AVAILABLE,checkpoint,Inspected reachable Git blob; not new independent evidence
checkpoint,main,cd01a26072f8d87c09efef4be217eff17373e39a,outputs/runs/v5/checkpoints/scalability_base/seed_120/model_state.pt,8eba3c192ac862a7462541f837aec0104517e0769c91b72b8ac5633d8d8921b5,,outputs/runs/v5/checkpoints/scalability_base/seed_120/model_state.pt,outputs/runs/v5/checkpoints/scalability_base/seed_120/model_state.pt,,,,,,1,,AVAILABLE,checkpoint,Inspected reachable Git blob; not new independent evidence
checkpoint,main,cd01a26072f8d87c09efef4be217eff17373e39a,outputs/runs/v5/checkpoints/two_parameter_confirmation/seed_215/model_state.pt,8c8d1edb99599912644eb2157e32173048ba54b38b599512177fa61d9a951346,,outputs/runs/v5/checkpoints/two_parameter_confirmation/seed_215/model_state.pt,outputs/runs/v5/checkpoints/two_parameter_confirmation/seed_215/model_state.pt,,,,,,1,,AVAILABLE,checkpoint,Inspected reachable Git blob; not new independent evidence
checkpoint,main,cd01a26072f8d87c09efef4be217eff17373e39a,outputs/runs/v5/checkpoints/two_parameter_confirmation/seed_216/model_state.pt,bf7c38619fccf36cce978531dba37777feec21f31e7a6d5a70a88e4e82312749,,outputs/runs/v5/checkpoints/two_parameter_confirmation/seed_216/model_state.pt,outputs/runs/v5/checkpoints/two_parameter_confirmation/seed_216/model_state.pt,,,,,,1,,AVAILABLE,checkpoint,Inspected reachable Git blob; not new independent evidence
checkpoint,main,cd01a26072f8d87c09efef4be217eff17373e39a,outputs/runs/v5/checkpoints/two_parameter_confirmation/seed_217/model_state.pt,fc9655df82edc90bafc770afc7de85f0fb42f9587b6fa863829f13a5ddd5c826,,outputs/runs/v5/checkpoints/two_parameter_confirmation/seed_217/model_state.pt,outputs/runs/v5/checkpoints/two_parameter_confirmation/seed_217/model_state.pt,,,,,,1,,AVAILABLE,checkpoint,Inspected reachable Git blob; not new independent evidence
checkpoint,main,cd01a26072f8d87c09efef4be217eff17373e39a,outputs/runs/v5/checkpoints/two_parameter_confirmation/seed_218/model_state.pt,e6dd7d077ce517832f88a49005225258903e0fafadc2469760051f5c0f9053ca,,outputs/runs/v5/checkpoints/two_parameter_confirmation/seed_218/model_state.pt,outputs/runs/v5/checkpoints/two_parameter_confirmation/seed_218/model_state.pt,,,,,,1,,AVAILABLE,checkpoint,Inspected reachable Git blob; not new independent evidence
checkpoint,main,cd01a26072f8d87c09efef4be217eff17373e39a,outputs/runs/v5/checkpoints/two_parameter_confirmation/seed_219/model_state.pt,5cef8c1e88abd55fa6664b8b0659170839c8d51ac37768daea6623a3c2987067,,outputs/runs/v5/checkpoints/two_parameter_confirmation/seed_219/model_state.pt,outputs/runs/v5/checkpoints/two_parameter_confirmation/seed_219/model_state.pt,,,,,,1,,AVAILABLE,checkpoint,Inspected reachable Git blob; not new independent evidence
checkpoint,main,cd01a26072f8d87c09efef4be217eff17373e39a,outputs/runs/v5/checkpoints/two_parameter_confirmation/seed_220/model_state.pt,778ac415db51f001d31008c5e49b335049b7ed5b7b0cd369707e32e871e54ebc,,outputs/runs/v5/checkpoints/two_parameter_confirmation/seed_220/model_state.pt,outputs/runs/v5/checkpoints/two_parameter_confirmation/seed_220/model_state.pt,,,,,,1,,AVAILABLE,checkpoint,Inspected reachable Git blob; not new independent evidence
checkpoint,main,cd01a26072f8d87c09efef4be217eff17373e39a,outputs/runs/v5/checkpoints/two_parameter_confirmation/seed_221/model_state.pt,c2c375cee87011529374edcd0c7b4fcc46c12d6c64fc5d598987f73e6e20ef5e,,outputs/runs/v5/checkpoints/two_parameter_confirmation/seed_221/model_state.pt,outputs/runs/v5/checkpoints/two_parameter_confirmation/seed_221/model_state.pt,,,,,,1,,AVAILABLE,checkpoint,Inspected reachable Git blob; not new independent evidence
checkpoint,main,cd01a26072f8d87c09efef4be217eff17373e39a,outputs/runs/v5/checkpoints/two_parameter_confirmation/seed_222/model_state.pt,c483cd7a6414a879c231d5e5e76e9c5ec947a68e5b71a07c06766519e6383e46,,outputs/runs/v5/checkpoints/two_parameter_confirmation/seed_222/model_state.pt,outputs/runs/v5/checkpoints/two_parameter_confirmation/seed_222/model_state.pt,,,,,,1,,AVAILABLE,checkpoint,Inspected reachable Git blob; not new independent evidence
checkpoint,main,cd01a26072f8d87c09efef4be217eff17373e39a,outputs/runs/v5/checkpoints/two_parameter_confirmation/seed_223/model_state.pt,ce77f0f0cf55ff149edaec57a449725f020a663ef4971214340d633a848a617e,,outputs/runs/v5/checkpoints/two_parameter_confirmation/seed_223/model_state.pt,outputs/runs/v5/checkpoints/two_parameter_confirmation/seed_223/model_state.pt,,,,,,1,,AVAILABLE,checkpoint,Inspected reachable Git blob; not new independent evidence
checkpoint,main,cd01a26072f8d87c09efef4be217eff17373e39a,outputs/runs/v5/checkpoints/two_parameter_confirmation/seed_224/model_state.pt,55015a890291669fc24c3486ff3902cf88e460eba8a49e892f940822b82016c0,,outputs/runs/v5/checkpoints/two_parameter_confirmation/seed_224/model_state.pt,outputs/runs/v5/checkpoints/two_parameter_confirmation/seed_224/model_state.pt,,,,,,1,,AVAILABLE,checkpoint,Inspected reachable Git blob; not new independent evidence
checkpoint,main,cd01a26072f8d87c09efef4be217eff17373e39a,outputs/runs/v5/checkpoints/two_parameter_development/seed_210/model_state.pt,33f30a4c9176df5e22f90b947a3a9c3e1c9abf4e13af478140ed98f18cc1b9eb,,outputs/runs/v5/checkpoints/two_parameter_development/seed_210/model_state.pt,outputs/runs/v5/checkpoints/two_parameter_development/seed_210/model_state.pt,,,,,,1,,AVAILABLE,checkpoint,Inspected reachable Git blob; not new independent evidence
checkpoint,main,cd01a26072f8d87c09efef4be217eff17373e39a,outputs/runs/v5/checkpoints/two_parameter_development/seed_211/model_state.pt,2252d8c886b5928389740fb009beb3653817b51b370990ccf5c0cc94406c240d,,outputs/runs/v5/checkpoints/two_parameter_development/seed_211/model_state.pt,outputs/runs/v5/checkpoints/two_parameter_development/seed_211/model_state.pt,,,,,,1,,AVAILABLE,checkpoint,Inspected reachable Git blob; not new independent evidence
checkpoint,main,cd01a26072f8d87c09efef4be217eff17373e39a,outputs/runs/v5/checkpoints/two_parameter_development/seed_212/model_state.pt,6d8bd317d6f714641e394d5842c7f71c3feda477151bcb9e3ee088f8bc8c775c,,outputs/runs/v5/checkpoints/two_parameter_development/seed_212/model_state.pt,outputs/runs/v5/checkpoints/two_parameter_development/seed_212/model_state.pt,,,,,,1,,AVAILABLE,checkpoint,Inspected reachable Git blob; not new independent evidence
checkpoint,main,cd01a26072f8d87c09efef4be217eff17373e39a,outputs/runs/v5/checkpoints/two_parameter_heldout/seed_213/model_state.pt,c05176927b354244017b7ccf05d718fe7956dcf392ddd0a127e458daf0dd423b,,outputs/runs/v5/checkpoints/two_parameter_heldout/seed_213/model_state.pt,outputs/runs/v5/checkpoints/two_parameter_heldout/seed_213/model_state.pt,,,,,,1,,AVAILABLE,checkpoint,Inspected reachable Git blob; not new independent evidence
checkpoint,main,cd01a26072f8d87c09efef4be217eff17373e39a,outputs/runs/v5/checkpoints/two_parameter_heldout/seed_214/model_state.pt,fdccfb995dd975cf962a9138911038a2cae317a888dd84a4fb6719ba763c65bb,,outputs/runs/v5/checkpoints/two_parameter_heldout/seed_214/model_state.pt,outputs/runs/v5/checkpoints/two_parameter_heldout/seed_214/model_state.pt,,,,,,1,,AVAILABLE,checkpoint,Inspected reachable Git blob; not new independent evidence
aborted,posthoc/exact-fixed-state-decomposition-v2,ead14d9bc09f927029a8f31fd4c095634d855de0,outputs/posthoc/exact_fixed_state_v2/ABORTED.json,1fed77f8fa6c6b03a0223201a192919602e263d1701de9ab268448491d6b2a12,,,outputs/posthoc/exact_fixed_state_v2/ABORTED.json,,,,,,1,,AVAILABLE,aborted,Inspected reachable Git blob; not new independent evidence
development_code,codex/v6-phase15-protocol,71b84e3ca28b00bac5a0d9924213415ad66954cd,src/saeps/v6/__init__.py,563a0ab09db8e54b75abffb0b4135098c20b017755856944bdfdf17c3a58d4ad,,,src/saeps/v6/__init__.py,,,,,,1,,AVAILABLE,development_code,Inspected reachable Git blob; not new independent evidence
development_code,codex/v6-phase15-protocol,71b84e3ca28b00bac5a0d9924213415ad66954cd,src/saeps/v6/curvature.py,67b0d3fa01eb24a69403626197922b359dd46ab4217d4ad3240f81cbb07e8fb6,,,src/saeps/v6/curvature.py,,,,,,1,,AVAILABLE,development_code,Inspected reachable Git blob; not new independent evidence
development_code,codex/v6-phase15-protocol,71b84e3ca28b00bac5a0d9924213415ad66954cd,src/saeps/v6/defect_response.py,7708693631b71af52b0d87c35a718dc1c56f87f7b3659124d92b54a6fec6799f,,,src/saeps/v6/defect_response.py,,,,,,1,,AVAILABLE,development_code,Inspected reachable Git blob; not new independent evidence
development_code,codex/v6-phase15-protocol,71b84e3ca28b00bac5a0d9924213415ad66954cd,src/saeps/v6/experiment.py,a58e4934adb08a6366bad2f238b035eec680d56ba8405f73e944be5a9a7f45fe,,,src/saeps/v6/experiment.py,,,,,,1,,AVAILABLE,development_code,Inspected reachable Git blob; not new independent evidence
development_code,codex/v6-phase15-protocol,71b84e3ca28b00bac5a0d9924213415ad66954cd,src/saeps/v6/operators.py,5975082bf6cb042e0ad9d9814035595aeaf9fe18f14a447e907533c07f342fe9,,,src/saeps/v6/operators.py,,,,,,1,,AVAILABLE,development_code,Inspected reachable Git blob; not new independent evidence
development_code,codex/v6-phase15-protocol,71b84e3ca28b00bac5a0d9924213415ad66954cd,src/saeps/v6/pcg.py,af683babee36570b1ee7648c27b5514960d02f65fca0fe987afec001aa5d738e,,,src/saeps/v6/pcg.py,,,,,,1,,AVAILABLE,development_code,Inspected reachable Git blob; not new independent evidence
development_code,codex/v6-phase15-protocol,71b84e3ca28b00bac5a0d9924213415ad66954cd,src/saeps/v6/preconditioners.py,0fbf2f72fd9423c2032843177be0de7f9dd2e693c6634c3ee29067f9ab4f01ce,,,src/saeps/v6/preconditioners.py,,,,,,1,,AVAILABLE,development_code,Inspected reachable Git blob; not new independent evidence
development_code,codex/v6-phase15-protocol,71b84e3ca28b00bac5a0d9924213415ad66954cd,src/saeps/v6/stopping.py,070d6ea1271869b87c6a377182ec5f0c12d0e617ee83ec0f56a7ea242913fe51,,,src/saeps/v6/stopping.py,,,,,,1,,AVAILABLE,development_code,Inspected reachable Git blob; not new independent evidence
development_evidence,codex/v6-phase15-protocol,71b84e3ca28b00bac5a0d9924213415ad66954cd,outputs/runs/v5/upgrade_pilot/phase15/20260907_001/findings/FINDINGS.md,f45814feb52f96f1bb6cf727e41ff6cadf65822d3b2600fd332c1687da68075a,,,outputs/runs/v5/upgrade_pilot/phase15/20260907_001/findings/FINDINGS.md,,,,,,1,,AVAILABLE,development_evidence,Inspected reachable Git blob; not new independent evidence
development_evidence,codex/v6-phase15-protocol,71b84e3ca28b00bac5a0d9924213415ad66954cd,outputs/runs/v5/upgrade_pilot/phase15/20260907_001/findings/accuracy_cost.svg,8e6624d0b00640b245033bc9c6fe12826eff911e5614d7397e063b3752ffceb6,,,outputs/runs/v5/upgrade_pilot/phase15/20260907_001/findings/accuracy_cost.svg,,,,,,1,,AVAILABLE,development_evidence,Inspected reachable Git blob; not new independent evidence
development_evidence,codex/v6-phase15-protocol,71b84e3ca28b00bac5a0d9924213415ad66954cd,outputs/runs/v5/upgrade_pilot/phase15/20260907_001/findings/findings.json,40269794a96d3f0ef26e45168e55b4d02337630a1c0b32188347d55d582d1882,,,outputs/runs/v5/upgrade_pilot/phase15/20260907_001/findings/findings.json,,,,,,1,,AVAILABLE,development_evidence,Inspected reachable Git blob; not new independent evidence
development_evidence,codex/v6-phase15-protocol,71b84e3ca28b00bac5a0d9924213415ad66954cd,outputs/runs/v5/upgrade_pilot/phase15/20260907_001/findings/manifest.json,77ea002557f0ec8cac438bc7bdc9c052cf4abc22e8886ee7d2c4b17def5add78,,,outputs/runs/v5/upgrade_pilot/phase15/20260907_001/findings/manifest.json,,,,,,1,,AVAILABLE,development_evidence,Inspected reachable Git blob; not new independent evidence
posthoc,posthoc/variable-projection-baseline-v1,c868127b1bcc52598dcf41a8822a7d58fed38635,configs/posthoc_variable_projection_v1.yaml,ed2fc9608fb0d682c18d68f57f5c3bbf4bc79e672e4c15ec7c45c7b3a1edded2,,,configs/posthoc_variable_projection_v1.yaml,,,,,,1,,AVAILABLE,posthoc,Inspected reachable Git blob; not new independent evidence
posthoc,posthoc/whitening-sensitivity-v1,0428a1f8891fd478fb53c18508aff3c0506fd57b,configs/posthoc_whitening_sensitivity_v1.yaml,6d0fccebdc2eab59b21b2d8efb67888b935c115f4d110d1905c7864890e4760b,,,configs/posthoc_whitening_sensitivity_v1.yaml,,,,,,1,,AVAILABLE,posthoc,Inspected reachable Git blob; not new independent evidence
