path,role,sha256
C:\Users\RZF\Desktop\博士课题资料\SAEPS-so-week1\revision_week\outputs\day2\PHASE1B_PROTOCOL.yaml,frozen protocol (before pilot run),443d7b3a150d6c03353360de348670f50ecadd42888ba0dee63f621b544fe3bc
C:\Users\RZF\Desktop\博士课题资料\SAEPS-so-week1\revision_week\outputs\day2\SO_SIGNED_ERROR_DECOMPOSITION.csv,"P1B-A2 signed decomposition, 21 centers",d7585964da2faf5e7c6c0e27d21ff15b5a9efcd4afacf5a42376e7579e8a118c
C:\Users\RZF\Desktop\博士课题资料\SAEPS-so-week1\revision_week\outputs\day2\ADAPT_FAILURE_SPLIT.csv,P1B-A3 bound-vs-truth quadrants,02436c0c89df81f06ffc88e15e47d662bc4e9a7f8b58dad2e227c169e6081011
C:\Users\RZF\Desktop\博士课题资料\SAEPS-so-week1\revision_week\outputs\day2\ADAPT_FAILURE_SPLIT.md,P1B-A3 analysis,ec76c36fc84ea684e1d2c91545e00e1665f7026cc855a1a1f19def6d86c33ad6
C:\Users\RZF\Desktop\博士课题资料\SAEPS-so-week1\revision_week\outputs\day2\SO_FAILURE_ANALYSIS.md,P1B-A2 failure mechanism analysis,da7673222ccb9899b7c4ef1e0f57b85c4a27729a176f6cea7844fc6285a032c4
C:\Users\RZF\Desktop\博士课题资料\SAEPS-so-week1\revision_week\outputs\day2\p1b_a_summary.json,P1B-A summary + provenance,ba81972558f51db90329fd6f05920af225bef327a8241c8db98c3385f89af5fd
C:\Users\RZF\Desktop\博士课题资料\SAEPS-so-week1\revision_week\outputs\day2\RECOVERY_MANIFEST.csv,P1B-B recovery manifest,f305a9c1a5cd21d410e3c6a8a0086ec5345e2594bd50dc4418faf24be5e9a048
C:\Users\RZF\Desktop\博士课题资料\SAEPS-so-week1\revision_week\outputs\day2\p1b_b_cost.json,P1B-B selection + cost,3a8ccd6aee306a8252bfcbb374f01d02639ec59dbf63990f6f2f333eeb4bdeac
C:\Users\RZF\Desktop\博士课题资料\SAEPS-so-week1\revision_week\outputs\day2\recovery\burgers_59\state_checkpoint.npz,P1B-B checkpoint,4664434e7ebd8b889cfb8b07e1b945683096275ecc999e8ded3ce2a0ef90d17e
C:\Users\RZF\Desktop\博士课题资料\SAEPS-so-week1\revision_week\outputs\day2\recovery\burgers_59\provenance.json,P1B-B provenance,d81be33cdc3d2dfd177933ed1cc0e2268e10727381adc6202ec9b355fa78c879
C:\Users\RZF\Desktop\博士课题资料\SAEPS-so-week1\revision_week\outputs\day2\recovery\burgers_67\state_checkpoint.npz,P1B-B checkpoint,85a55cac3e988573d9263acee625b7968a43d1f541723d75de6c005e9790463f
C:\Users\RZF\Desktop\博士课题资料\SAEPS-so-week1\revision_week\outputs\day2\recovery\burgers_67\provenance.json,P1B-B provenance,3037573f1cb4b09d4304097781ff4ec9d6a10194a3b2812d237b74e1a51611c3
C:\Users\RZF\Desktop\博士课题资料\SAEPS-so-week1\revision_week\outputs\day2\recovery\burgers_55\state_checkpoint.npz,P1B-B checkpoint,6782503f5e1c6ca37f380133e3990c3ddce3cf903a2bd42d0a21fe79ff73188e
C:\Users\RZF\Desktop\博士课题资料\SAEPS-so-week1\revision_week\outputs\day2\recovery\burgers_55\provenance.json,P1B-B provenance,96f9c3e7c067612c862760e0deb3e34f74ddec17cd96a3464a63562455a178af
C:\Users\RZF\Desktop\博士课题资料\SAEPS-so-week1\revision_week\outputs\day2\recovery\allen_cahn_84\state_checkpoint.npz,P1B-B checkpoint,f49ec8962261c28d0b4abddf9f805610e926b185e8a37723b5f22df8f0e0fb16
C:\Users\RZF\Desktop\博士课题资料\SAEPS-so-week1\revision_week\outputs\day2\recovery\allen_cahn_84\provenance.json,P1B-B provenance,5953a0261aa048b6b794d07c857c02b668d2152958431e0d79fdbc71919dc49a
C:\Users\RZF\Desktop\博士课题资料\SAEPS-so-week1\revision_week\outputs\day2\HVP_PARITY.csv,P1B-C HVP parity,dbae28c74ca6ad2e1656d9c60d49605d325d1a0c6c6b026e5660414048f91a65
C:\Users\RZF\Desktop\博士课题资料\SAEPS-so-week1\revision_week\outputs\day2\HVP_COST.csv,P1B-C cost,eff78df1956929edc963ca760eebd8947bfc165410662d22c669d68fba72c060
C:\Users\RZF\Desktop\博士课题资料\SAEPS-so-week1\revision_week\outputs\day2\p1b_c_summary.json,P1B-C summary,f1b95ec1f790a19cfadc1bf3d40e7b7465446761ba7537017572a45f19acb865
C:\Users\RZF\Desktop\博士课题资料\SAEPS-so-week1\revision_week\outputs\day2\ONE_STEP_PILOT.csv,P1B-D pilot rows,537febb4b8d1fe166291eb180ab94e3e067403c1230d451b28cd45f0366954fe
C:\Users\RZF\Desktop\博士课题资料\SAEPS-so-week1\revision_week\outputs\day2\ONE_STEP_PILOT.md,P1B-D analysis,fdbe902da6a36d7875de045a23a37dcfe889375b27f2660bcaed3ece90529fa9
C:\Users\RZF\Desktop\博士课题资料\SAEPS-so-week1\revision_week\outputs\day2\p1b_d_summary.json,P1B-D summary,d77a4ff09b4d4276bb97c7c5f759c7285fa0abd39ec69a93525b3987119f7064
C:\Users\RZF\Desktop\博士课题资料\SAEPS\任务说明\CODEX_SAEPS_PHASE1B_FOLLOWUP.md,parent task book,18282ea96521dfc1dbff1e47b07b15a00be3ddd842b2fd9f421826ccd918c2c3
C:\Users\RZF\Desktop\博士课题资料\SAEPS-so-week1\revision_week\p1b_a.py,phase code,28fc0e4626534c0da9afce3e1b662fa9b1359670ba3e3927ef502e021adafb9e
C:\Users\RZF\Desktop\博士课题资料\SAEPS-so-week1\revision_week\p1b_recover.py,phase code,1be453acced6c6aeaa72792bee15db25c2da6d51e79ef539fcf5a60c618b354b
C:\Users\RZF\Desktop\博士课题资料\SAEPS-so-week1\revision_week\p1b_hvp.py,phase code,3f4086447048ddbc53ea7d0a6e448cac85f812345bb7624a247ce0f842314752
C:\Users\RZF\Desktop\博士课题资料\SAEPS-so-week1\revision_week\p1b_onestep.py,phase code,480c0052048b8a650d3aaeacc10a92ef327ad5aaef305a8273656a2878b392ce
C:\Users\RZF\Desktop\博士课题资料\SAEPS-so-week1\revision_week\p1b_finalize.py,phase code,afa4ffd955aa5100513ea62d0219c366ace888a350d1d55cc0fbbc76e57ce992
C:\Users\RZF\Desktop\博士课题资料\SAEPS-so-week1\revision_week\core.py,phase code,c6998f1a1d600a4f7788003cb39c4366a5b959628e15b4dc45883e011edcd4b5
