center_id,pde,historical_valid,algebraic_schur_valid,local_profile_valid,GN_normal_residual,Q_G_actual,F_G_exact_solve,F_SO,F_star,e_G_signed,e_G_exact_signed,delta_directional,delta_term_tt_state,delta_term_tl_cross,delta_term_ll_param,delta_decomposition_error,e_SO_signed,defect_energy_q,q_identity_residual,identity_residual,absolute_error_GN,absolute_error_GN_exact_solve,absolute_error_SO,relative_error_GN_day1,relative_error_SO_day1,improvement_factor_taskbook,improvement_factor_phase1,SO_improved_day1,delta_over_q,resolution_abs,numerical_resolution_status,gamma,n_state,D_norm,cond_A,lambda_min_A_numeric,numerical_margin,mu_value,mu_effective_D_weighted,min_eig_direction_energy_fraction,top10_eig_direction_energy_fraction,U_absolute_day1,bound_effectivity_day1,adaptive_status,adaptive_A_matvec_count,adaptive_iterations,adaptive_final_U_absolute,adaptive_final_U_relative,adaptive_final_relative_status,adaptive_absolute_error,true_relative_error_posthoc,true_pass_at_10pct,numerical_judged_pass_at_10pct,adapt_quadrant,mu_source,bound_status,dense_assisted,oracle_spectral_used,gn_solve_seconds,reference_seconds,spectrum_seconds_day1,adaptive_seconds_day1
allen_cahn_75,allen_cahn,True,True,,6.17542847591473e-15,6.158448320116364,6.158448320116364,4.955553751050914,4.947401296346143,1.2110470237702202,1.2110470237702202,-1.2028945690654496,0.09621522184293593,0.13691069566060302,-1.4360204865682817,1.4262139268018067e-13,0.008152454704770662,0.008152454707009406,4.5176463114745766e-13,4.5176463114745766e-13,1.2110470237702202,1.2110470237702202,0.008152454704770662,0.24478447346041876,0.0016478256361199817,148.5499849587068,148.5499849587068,True,-147.54998491818813,2.320124434325844e-12,resolved,0.006391865103171852,33,7.018025936479997,100468250.18794538,0.0063918368976445174,1.5266665791169616e-07,0.006391684230986606,6041.45497462978,1.3461973226163837e-12,0.07113384303792465,7705.744881189697,945205.482304666,numerical_tolerance_met,63,31,0.22656533124400252,0.04796899269916365,finite,0.002326196440449735,0.000470185516882544,True,True,Q1_bound_pass_truth_pass,dense_eigh_with_numerical_margin,numerical_bound_estimate,True,False,3.9800070226192474e-05,2.0499923266470432e-05,0.0003863000310957432,0.0017467999132350087
allen_cahn_76,allen_cahn,True,True,,2.5606443378295118e-14,9.142173335071845,9.142173335071845,8.187207411304911,8.163441360400185,0.9787319746716605,0.9787319746716605,-0.9549659237669346,0.19909605738529573,0.17020575173822666,-1.32426773289572,6.428336285909134e-13,0.023766050904725944,0.023766050918520583,1.6849016214144365e-12,1.6849016214144365e-12,0.9787319746716605,0.9787319746716605,0.023766050904725944,0.1198920810826164,0.002911278445742165,41.18193546732819,41.18193546732819,True,-40.1819354440052,3.8283128119076945e-12,resolved,0.0071514440197615724,33,6.033237324373081,101185817.1008657,0.007091428655350383,1.7077053413250003e-07,0.00709125788481625,1531.594489004584,0.00016982779832621823,0.32597822241462704,5133.074160248463,215983.47074261872,numerical_tolerance_met,83,41,0.6499634977697164,0.08645485785223002,finite,0.004474441225539749,0.0005481072286209614,True,True,Q1_bound_pass_truth_pass,dense_eigh_with_numerical_margin,numerical_bound_estimate,True,False,4.409998655319214e-05,2.929999027401209e-05,0.0005094000371173024,0.0035542999394237995
allen_cahn_77,allen_cahn,True,True,,1.8099882040565644e-14,6.431143496126481,6.431143496126481,4.668234166911148,4.625068640409609,1.8060748557168722,1.8060748557168722,-1.7629093292153328,0.027648414376962957,0.053636242496339914,-1.8441939860866512,4.250884945491156e-13,0.043165526501539375,0.04316552651227255,2.2991944815356653e-12,2.2991944815356653e-12,1.8060748557168722,1.8060748557168722,0.043165526501539375,0.3904968752313701,0.009332948279095601,41.84067708875192,41.84067708875192,True,-40.84067707859682,2.1689638903910276e-12,resolved,0.0015039294431458965,33,3.076915017758806,100417228.24398258,0.0014987841772789183,3.5836977191802466e-08,0.0014987483403017265,219.32794040674935,7.579225964405126e-05,0.45969993215748056,6316.875069635576,146340.73951143172,numerical_tolerance_met,131,65,0.04314248339514798,0.009409267618022528,finite,0.0031792036315465566,0.0006873851767075928,True,True,Q1_bound_pass_truth_pass,dense_eigh_with_numerical_margin,numerical_bound_estimate,True,False,3.4400029107928276e-05,1.7900019884109497e-05,0.00036429997999221087,0.003933199914172292
allen_cahn_78,allen_cahn,True,True,,2.4344417551126082e-14,6.145287155248511,6.145287155248511,4.801747518225312,4.794720095800969,1.3505670594475419,1.3505670594475419,-1.3435396370231985,0.12239221160808438,0.12038127828143841,-1.586313126907399,1.1084317032187733e-12,0.007027422424343399,0.007027422428625536,8.917872355054138e-13,8.917872355054138e-13,1.3505670594475419,1.3505670594475419,0.007027422424343399,0.28167797695042956,0.001465658530482553,192.1852676408208,192.1852676408208,True,-191.18526752432265,2.2485233324890712e-12,resolved,0.0013145321279397404,33,2.8397067217917806,100340637.39206973,0.0013102933452721133,3.127847169732169e-08,0.001310262066800416,1147.4953082287686,0.00034001836943746194,0.33634880227648184,6154.443809459493,875775.4177605921,numerical_tolerance_met,43,21,0.3305120077198422,0.07399533531285012,finite,0.0024519563993408156,0.0005113867640311844,True,True,Q1_bound_pass_truth_pass,dense_eigh_with_numerical_margin,numerical_bound_estimate,True,False,4.160008393228054e-05,2.3099943064153194e-05,0.0006293000187724829,0.0021655999589711428
allen_cahn_79,allen_cahn,True,True,,3.750289931270628e-14,5.085703601314734,5.085703601314734,3.4773579888969977,3.467391266004668,1.6183123353100655,1.6183123353100655,-1.608345612417736,0.06043297891222911,0.05942733587406224,-1.7282059271921355,3.4197861995615266e-12,0.009966722892329472,0.009966722891604305,2.0853948801877722e-13,2.0853948801877722e-13,1.6183123353100655,1.6183123353100655,0.009966722892329472,0.4667233105475484,0.0028744154031020448,162.37155911654182,162.37155911654182,True,-161.37155912828302,1.6260615862244386e-12,resolved,0.00911263727029326,33,12.387129435807736,100475515.15594134,0.00911287507718898,2.1741219464523865e-07,0.009112657664994335,15395.328768366679,6.857980040029877e-08,0.43149081886147084,16838.224511482273,1689444.4335801895,numerical_tolerance_met,69,34,0.18880057171628328,0.05751447248549472,finite,0.00407127855504541,0.0011741618499244125,True,True,Q1_bound_pass_truth_pass,dense_eigh_with_numerical_margin,numerical_bound_estimate,True,False,3.509991802275181e-05,3.5199918784201145e-05,0.0004472000291571021,0.0017720999894663692
allen_cahn_80,allen_cahn,True,True,,2.3605500048057008e-14,5.183140175690312,5.183140175690312,3.820332709271355,3.793661368812934,1.3894788068773778,1.3894788068773778,-1.362807466418957,0.10299661355714339,0.14878786928785442,-1.6145919492586955,1.376614778834912e-12,0.0266713404584209,0.026671340467459576,2.3659394993739895e-12,2.3659394993739895e-12,1.3894788068773778,1.3894788068773778,0.0266713404584209,0.3662632660445539,0.007030501089890782,52.09632448145964,52.09632448145964,True,-51.096324464143564,1.7790686281788741e-12,resolved,0.020701610767270433,33,13.080773450866976,100451200.75707172,0.020701606067768656,4.93332264743564e-07,0.020701112735503912,6415.374370915679,0.0005258444875051034,0.2608380832697913,8265.576650836068,309904.8082611982,numerical_tolerance_met,81,40,0.18164574403445458,0.050216044024636544,finite,0.005269399612075176,0.0013890010430303646,True,True,Q1_bound_pass_truth_pass,dense_eigh_with_numerical_margin,numerical_bound_estimate,True,False,3.23000131174922e-05,1.8099904991686344e-05,0.0005657000001519918,0.002209099940955639
allen_cahn_82,allen_cahn,True,True,,1.0393891389966463e-14,6.436992955435386,6.436992955435386,5.6220029129410705,5.5706261429685355,0.8663668124668504,0.8663668124668504,-0.8149900424943155,0.011875167920095913,0.32862645098866394,-1.1554916614024506,1.1112098403907816e-13,0.05137676997253493,0.051376769972835926,5.3538808930681673e-14,5.3538808930681673e-14,0.8663668124668504,0.8663668124668504,0.05137676997253493,0.15552413475276478,0.009222799836452267,16.863006625951652,16.863006625951652,True,-15.863006625858718,2.612390840084255e-12,resolved,0.0027477980666099026,33,5.148033977219111,101387458.17296608,0.002722273344214302,6.59530689374185e-08,0.0027222073911453643,515.8411835663231,7.097693521179874e-05,0.4612158006409307,9735.57485620214,189493.71206883184,numerical_tolerance_met,115,57,0.45512174290209173,0.08877363591615237,finite,0.011262552815367144,0.002021775022430007,True,True,Q1_bound_pass_truth_pass,dense_eigh_with_numerical_margin,numerical_bound_estimate,True,False,3.029999788850546e-05,1.71000137925148e-05,0.0003231000155210495,0.0026439999928697944
allen_cahn_83,allen_cahn,True,True,,4.3137371694938305e-14,6.12594002097822,6.12594002097822,5.093800353960276,5.0287152070136045,1.0972248139646155,1.0972248139646155,-1.032139667017944,0.227893901742774,0.15446711924012352,-1.4145006879925432,1.6290883816847336e-12,0.06508514694667156,0.06508514697284819,5.138919566693124e-12,5.138919566693124e-12,1.0972248139646155,1.0972248139646155,0.06508514694667156,0.2181918773580917,0.012942698907758704,16.858298174599533,16.858298174599533,True,-15.858298168221475,2.3582572599629108e-12,resolved,0.005868718672332415,33,9.291405880516795,101279053.58273964,0.005843342333405312,1.402140627288768e-07,0.005843202119342583,1326.419732485459,0.00024411866371498364,0.036539428735133016,14774.47150950429,227002.1994666458,numerical_tolerance_met,103,51,0.3284802617011876,0.0698471369039544,finite,0.002610099759010609,0.0005190390877932167,True,True,Q1_bound_pass_truth_pass,dense_eigh_with_numerical_margin,numerical_bound_estimate,True,False,4.770001396536827e-05,2.7900096029043198e-05,0.0007414999417960644,0.0030060000717639923
allen_cahn_84,allen_cahn,True,True,,1.5750565173253414e-14,6.723721684090478,6.723721684090478,5.54338324561823,5.258796172018222,1.4649255120722557,1.4649255120722557,-1.1803384384722477,0.10572405773242695,0.11004781324564483,-1.3961103094528085,4.489853698230276e-13,0.284587073600008,0.28458707362151414,3.879603710786809e-12,3.879603710786809e-12,1.4649255120722557,1.4649255120722557,0.284587073600008,0.27856670260141503,0.05411639161318268,5.1475476153608914,5.1475476153608914,True,-4.147547615047463,2.466155616454576e-12,resolved,0.0014540494347827445,33,4.201741969583907,100559397.08519673,0.0014511725826970928,3.4694022213366574e-08,0.0014511378886748795,62.03597146665412,0.21827866432160611,0.8096728264684006,12166.063415988916,42749.880597488154,tolerance_not_met,201,100,278.4097311185864,,no_finite_relative_guarantee,0.015976558146164166,0.003038063768433155,True,False,Q2_bound_fail_truth_pass,dense_eigh_with_numerical_margin,numerical_bound_estimate,True,False,4.7900015488266945e-05,1.8400023691356182e-05,0.00035720004234462976,0.005794299999251962
burgers_55,burgers,True,True,,3.2697043507243366e-14,32.652057044998855,32.652057044998855,30.56730665412431,30.26248149213643,2.389575552862425,2.389575552862425,-2.0847503908745466,-0.2496713998930231,4.718886407498437,-6.553965398462651,5.6628179307385e-13,0.30482516198787835,0.30482516217636446,6.166265079781246e-12,6.166265079781246e-12,2.389575552862425,2.389575552862425,0.30482516198787835,0.07896165265562274,0.010072708742221244,7.839167663453742,7.839167663453742,True,-6.8391676592248,2.7953622307405624e-11,resolved,0.06519609349097101,65,74.7719736104392,100830054.60296395,0.06465202373163316,3.034113379756299e-06,0.0646489896182534,18341.163169349806,3.926406653443067e-05,0.0004646397767791931,86480.05283011662,283703.78700415674,numerical_tolerance_met,161,80,1.6264084334745883,0.05667283953122921,finite,0.06212605977771091,0.002052906988917119,True,True,Q1_bound_pass_truth_pass,dense_eigh_with_numerical_margin,numerical_bound_estimate,True,False,0.00011540006380528212,4.229997284710407e-05,0.001101600006222725,0.004116500029340386
burgers_56,burgers,True,True,,1.0913509851168478e-14,46.305778177535785,46.305778177535785,52.652208582083404,51.01364125908708,-4.707863081551295,-4.707863081551295,6.346430404547618,0.9228322325653843,-2.158501758709093,7.582099930510822,3.428258629126127e-12,1.6385673229963231,1.6385673224990862,9.443799827149116e-12,9.443799827149116e-12,4.707863081551295,4.707863081551295,1.6385673229963231,0.09228635643662579,0.03212017966632097,2.8731581641347423,2.8731581641347423,True,3.8731581653100844,4.7121583887710876e-11,resolved,0.028776864368218733,65,56.994297386758774,100107427.79192573,0.028720046595259823,1.3387186919675282e-06,0.028718707876567856,1982.433001078056,2.829195247835975e-07,3.079561506299005e-07,113109.19518286161,69029.32433439931,tolerance_not_met,201,100,210825.93028505737,,no_finite_relative_guarantee,0.6647400951648024,0.013030634132906276,True,False,Q2_bound_fail_truth_pass,dense_eigh_with_numerical_margin,numerical_bound_estimate,True,False,5.230004899203777e-05,3.469991497695446e-05,0.000937500037252903,0.006426400039345026
burgers_58,burgers,True,True,,2.546907515567735e-14,26.28616205679191,26.28616205679191,26.19036326345008,25.91798679349199,0.3681752632999178,0.3681752632999178,-0.09579879334182806,0.3733414436137594,2.907578025473912,-3.3767182623856797,1.6731197716790596e-12,0.27237646995808973,0.27237647001727716,2.259893539365223e-12,2.259893539365223e-12,0.3681752632999178,0.3681752632999178,0.27237646995808973,0.01420539589335311,0.010509167707477642,1.3517146446481538,1.3517146446481538,True,-0.35171464457172613,2.394058841413453e-11,resolved,0.030959539469406064,65,17.692565238590433,100021348.8972502,0.030959526966554834,1.441390475192847e-06,0.030958085576079642,1149.243415563477,4.55655516485418e-13,0.003051750261308525,10111.312082025013,37122.56085696694,tolerance_not_met,201,100,132.35562475346742,,no_finite_relative_guarantee,0.047579766225226194,0.0018357817135247426,True,False,Q2_bound_fail_truth_pass,dense_eigh_with_numerical_margin,numerical_bound_estimate,True,False,5.439994856715202e-05,3.850006032735109e-05,0.0009898999705910683,0.006052599987015128
burgers_59,burgers,True,True,,2.5970260855013483e-14,34.27643643222814,34.27643643222814,35.55894517795252,33.54794249145027,0.7284939407778666,0.7284939407778666,1.2825087457243853,-1.4925293495439778,0.6911562224029772,2.083881873365385,1.4061141935852007e-11,2.011002686502252,2.0110026870427182,1.519916678195635e-11,1.519916678195635e-11,0.7284939407778666,0.7284939407778666,2.011002686502252,0.02171501100569303,0.05994414371061106,0.36225408631598605,0.36225408631598605,False,0.6377459135126168,3.098842088809686e-11,resolved,0.00985693597277944,65,89.92948246893475,100881491.94524948,0.009765085779472021,4.587034371832505e-07,0.009764627076034838,4021.532079115839,0.02754924948984634,0.05302107368106349,828225.3642823695,411846.9705890381,tolerance_not_met,201,100,396.7369271265737,,no_finite_relative_guarantee,0.535287589145014,0.015955899206691247,True,False,Q2_bound_fail_truth_pass,dense_eigh_with_numerical_margin,numerical_bound_estimate,True,False,5.579995922744274e-05,3.899994771927595e-05,0.0007834000280126929,0.0055346000008285046
burgers_60,burgers,True,True,,1.7791205628225222e-14,39.753145807565716,39.753145807565716,44.39025130092023,44.0105883267845,-4.257442519218785,-4.257442519218785,4.637105493354511,0.5697389424856815,-4.932131596651619,8.999498147353279,3.7659032004356614e-12,0.37966297413572647,0.37966297412827926,1.677667798104462e-13,1.677667798104462e-13,4.257442519218785,4.257442519218785,0.37966297413572647,0.0967367781252736,0.00862662801120521,11.213741684741644,11.213741684741644,True,12.21374168498122,4.065282498176248e-11,resolved,0.027594617995582476,65,66.04427219335636,100446656.62217328,0.02761987578100452,1.2920039724715014e-06,0.02761858377703205,11488.731287440156,2.7908600846916974e-05,0.004342848055724379,157931.55524424496,415978.29128258815,tolerance_not_met,201,100,14.607197851030822,0.496353449608506,finite,0.025634068252429643,0.0005824522966216388,True,False,Q2_bound_fail_truth_pass,dense_eigh_with_numerical_margin,numerical_bound_estimate,True,False,5.300005432218313e-05,3.330002073198557e-05,0.0007447999669238925,0.006542000104673207
burgers_62,burgers,True,True,,3.713184175320554e-14,24.004592653261284,24.004592653261284,22.85717645700447,22.411098149460372,1.5934945038009118,1.5934945038009118,-1.1474161962568132,0.6487892943818334,3.0579139020437394,-4.854119392150892,2.3252826566487763e-11,0.4460783075440986,0.44607830792786446,1.6789731362996723e-11,1.6789731362996723e-11,1.5934945038009118,1.5934945038009118,0.4460783075440986,0.07110291928158645,0.01990434847815773,3.5722304287199202,3.5722304287199202,True,-2.5722304265070033,2.07012558876574e-11,resolved,0.050752037851350476,65,129.74545430249168,100723538.90340842,0.050330452541611115,2.3596697186092366e-06,0.05032809287189251,37737.50620234636,3.252609197045845e-05,0.0005046968325194697,334482.82959995547,749829.8481301717,tolerance_not_met,201,100,11899.138152926173,,no_finite_relative_guarantee,0.08835615966415844,0.003942518079010812,True,False,Q2_bound_fail_truth_pass,dense_eigh_with_numerical_margin,numerical_bound_estimate,True,False,5.2200048230588436e-05,3.570003900676966e-05,0.0007618999807164073,0.0049724000273272395
burgers_64,burgers,True,True,,8.924445784172523e-15,38.10917881814987,38.10917881814987,42.935894352105606,40.97522289853089,-2.866044080381016,-2.866044080381016,4.826715533955735,-3.388008040725979,4.187592778857315,4.0271307960744025,5.822717266549991e-12,1.9606714535747187,1.9606714536026169,6.497623648690257e-13,6.497623648690257e-13,2.866044080381016,2.866044080381016,1.9606714535747187,0.06994578374245153,0.047850171747729875,1.4617666183467972,1.4617666183467972,True,2.4617666183117692,3.784904106971265e-11,resolved,0.02297025667914791,65,40.81776614805231,100223808.50690554,0.0229190000524817,1.0708490544608694e-06,0.02291792920342724,849.7548277431916,1.3918551373533794e-07,3.4896964400801866e-07,72698.10542341368,37078.16793622902,tolerance_not_met,201,100,86.79412453919565,,no_finite_relative_guarantee,0.4418361798274191,0.010783008571148747,True,False,Q2_bound_fail_truth_pass,dense_eigh_with_numerical_margin,numerical_bound_estimate,True,False,6.639992352575064e-05,4.0100072510540485e-05,0.0009210999123752117,0.005977699998766184
burgers_65,burgers,True,True,,1.5313777816041677e-14,25.775751814516752,25.775751814516752,23.8636077934043,23.42099248952536,2.3547593249913916,2.3547593249913916,-1.9121440211124536,-0.2867382744628294,2.7159784641627676,-4.3413842108311655,7.867155506804942e-13,0.442615303878938,0.4426153035751528,1.2730062521654081e-11,1.2730062521654081e-11,2.3547593249913916,2.3547593249913916,0.442615303878938,0.10054054391628418,0.01889823003392823,5.320103720669031,5.320103720669031,True,-4.320103723634097,2.1634100901041342e-11,resolved,0.025444430008863993,65,46.07496631994193,100208476.42909762,0.025382004051967486,1.1851206412728229e-06,0.025380818931326214,4796.270043616623,8.846857235467129e-11,0.0031599503901324592,83642.00253458312,188972.23345323026,tolerance_not_met,201,100,39.55905317612567,,no_finite_relative_guarantee,0.12649600900510904,0.0054009670601138085,True,False,Q2_bound_fail_truth_pass,dense_eigh_with_numerical_margin,numerical_bound_estimate,True,False,5.410006269812584e-05,4.3599982745945454e-05,0.000764199998229742,0.006297899992205203
burgers_66,burgers,True,True,,2.942440209956297e-14,30.174403848986003,30.174403848986003,28.452416021061822,27.828056848902293,2.3463470000837106,2.3463470000837106,-1.7219878279241811,-1.168367763005861,3.84874074673286,-4.402360811537733,3.987254701474847e-12,0.6243591721595294,0.6243591719311222,8.027690228055777e-12,8.027690228055777e-12,2.3463470000837106,2.3463470000837106,0.6243591721595294,0.08431587631167281,0.022436319406893647,3.75800837836366,3.75800837836366,True,-2.758008379372613,2.5704930737598615e-11,resolved,0.041033241653528243,65,41.08425322108852,100011461.01261173,0.04094364688377882,1.906976220573471e-06,0.04094173990755825,2703.437281963608,0.008117890712668989,0.0092136335421027,41227.26260646577,66031.32370726482,tolerance_not_met,201,100,23.54710696556027,5.244988973456594,finite,0.20849844242673043,0.007492382363737734,True,False,Q2_bound_fail_truth_pass,dense_eigh_with_numerical_margin,numerical_bound_estimate,True,False,6.939994636923075e-05,3.620004281401634e-05,0.0012382999993860722,0.005796400015242398
burgers_67,burgers,True,True,,8.984422221501465e-15,32.96073982676808,32.96073982676808,37.23039825972705,34.40672655435196,-1.445986727583886,-1.445986727583886,4.269658432958977,3.0801995335074164,-4.124029418116981,5.313488317427527,3.7876122182525184e-12,2.823671705375091,2.823671705119846,6.85581476923189e-12,6.85581476923189e-12,1.445986727583886,1.445986727583886,2.823671705375091,0.042026280089614614,0.0820674323694784,0.5120944920159562,0.5120944920159562,False,1.5120944921526414,3.1781684498822604e-11,resolved,0.005278366803053357,65,33.88623930308264,100205391.82897969,0.005266229999939892,2.4550359553031487e-07,0.005265984496344362,406.6610194179942,3.049541773063737e-05,3.41359436229398e-05,218055.5630011663,77224.12013623242,tolerance_not_met,201,100,463821.68560570985,,no_finite_relative_guarantee,1.23348327528538,0.035850061847015814,True,False,Q2_bound_fail_truth_pass,dense_eigh_with_numerical_margin,numerical_bound_estimate,True,False,5.240004975348711e-05,3.559992182999849e-05,0.0009014999959617853,0.006454800022765994
burgers_68,burgers,True,True,,4.085888186916606e-14,27.18669024042549,27.18669024042549,22.829260556989198,22.523231357714508,4.663458882710984,4.663458882710984,-4.357429683436294,-0.17382568233957643,1.9663386060821537,-6.149942607058961,5.252483040750269e-12,0.30602919927468974,0.30602919922372807,2.232296538634358e-12,2.232296538634358e-12,4.663458882710984,4.663458882710984,0.30602919927468974,0.20705105792550774,0.013587268819400462,15.238607602685306,15.238607602685306,True,-14.238607605056398,2.0804833955188583e-11,resolved,0.030892473173789122,65,67.14284644295671,100914385.35363388,0.030649801737528553,1.4401607092473799e-06,0.030648361576819307,14731.149314829574,1.344709302911543e-06,0.00014314339970641603,147093.07762383568,480650.46725102176,tolerance_not_met,201,100,3268.4992637279324,,no_finite_relative_guarantee,0.02815480433241646,0.001250033970381995,True,False,Q2_bound_fail_truth_pass,dense_eigh_with_numerical_margin,numerical_bound_estimate,True,False,5.1999930292367935e-05,3.66999302059412e-05,0.0007526000263169408,0.006608600029721856
burgers_69,burgers,True,True,,2.615888350779511e-14,23.601001643577774,23.601001643577774,22.806013975510382,22.368329668538422,1.2326719750393522,1.2326719750393522,-0.7949876680673924,1.48613109604667,1.0130636713284034,-3.294182435188077,1.1154468054751242e-11,0.4376843069719598,0.43768430716695683,8.550245507241997e-12,8.550245507241997e-12,1.2326719750393522,1.2326719750393522,0.4376843069719598,0.05510791338471224,0.019567143066203177,2.8163494907262536,2.8163494907262536,True,-1.8163494899170338,2.066175040418724e-11,resolved,0.02173118360347924,65,47.515895366960414,100463480.5234251,0.021606361101918905,1.0112125916246927e-06,0.02160534988932728,5158.421893482912,5.812097573941431e-10,0.01222421684263279,104500.05781388571,238756.693235932,tolerance_not_met,201,100,49.59738081834939,,no_finite_relative_guarantee,0.1313438687049029,0.005871867528442341,True,False,Q2_bound_fail_truth_pass,dense_eigh_with_numerical_margin,numerical_bound_estimate,True,False,9.829993359744549e-05,3.8100057281553745e-05,0.0010778999421745539,0.00564350001513958
