phase,seed,label,solve_index,iterations,relative_residual
P2,14,,0,160,8.336947098067518e-11
P2,14,,1,163,5.5810845847854275e-11
P2,14,,0,160,8.511024374719752e-11
P2,14,,1,163,5.5810845847854275e-11
P2,14,,0,159,8.298025760984529e-11
P2,14,,1,163,5.5810845847854275e-11
P2,14,,0,160,5.603695903694383e-11
P2,14,,1,163,5.5810845847854275e-11
P2,14,,0,161,4.57152384079584e-11
P2,14,,1,163,5.5810845847854275e-11
P2,15,,0,148,8.578491855556713e-11
P2,15,,1,159,5.091617873339295e-11
P2,15,,0,156,3.2333154858674433e-11
P2,15,,1,159,5.091617873339295e-11
P2,15,,0,157,6.56803319952406e-11
P2,15,,1,159,5.091617873339295e-11
P2,15,,0,157,7.5050199816239e-12
P2,15,,1,159,5.091617873339295e-11
P2,15,,0,160,9.772506520324921e-12
P2,15,,1,159,5.091617873339295e-11
P2,17,,0,153,8.125798174069235e-12
P2,17,,1,160,6.917312095748258e-11
P2,17,,0,157,4.05493451305155e-11
P2,17,,1,160,6.917312095748258e-11
P2,17,,0,153,8.080802552010176e-11
P2,17,,1,160,6.917312095748258e-11
P2,17,,0,155,5.3647229727731544e-11
P2,17,,1,160,6.917312095748258e-11
P2,17,,0,155,7.926777838372782e-11
P2,17,,1,160,6.917312095748258e-11
P2,18,,0,141,5.163538838497222e-11
P2,18,,1,151,5.405326840945237e-11
P2,18,,0,141,6.596834661382369e-11
P2,18,,1,151,5.405326840945237e-11
P2,18,,0,147,2.4426770997687384e-11
P2,18,,1,151,5.405326840945237e-11
P2,18,,0,144,4.502566145546426e-11
P2,18,,1,151,5.405326840945237e-11
P2,18,,0,142,4.9090626335125687e-11
P2,18,,1,151,5.405326840945237e-11
P2,19,,0,174,1.0204180514446419e-11
P2,19,,1,169,9.345892831086777e-11
P2,19,,0,172,7.592968163875286e-11
P2,19,,1,169,9.345892831086777e-11
P2,19,,0,172,7.557127135821225e-11
P2,19,,1,169,9.345892831086777e-11
P2,19,,0,171,9.824566961063183e-11
P2,19,,1,169,9.345892831086777e-11
P2,19,,0,172,4.1224711180272977e-11
P2,19,,1,169,9.345892831086777e-11
P5,11,,0,315,8.257675587954027e-11
P5,11,,1,388,5.2732182861661877e-11
P5,12,,0,311,3.2339034461974885e-11
P5,12,,1,396,4.066937957519961e-11
P5,13,,0,338,6.306074253264114e-11
P5,13,,1,359,5.141702191776459e-11
P5,14,,0,331,7.781072101267622e-11
P5,14,,1,391,6.46405724232699e-11
P5,15,,0,244,7.519959635956383e-11
P5,15,,1,286,6.178155589367817e-11
P5,16,,0,259,9.809997629957538e-11
P5,16,,1,299,3.090282254302662e-11
P5,17,,0,296,2.3021419345339017e-11
P5,17,,1,344,4.4924047005481896e-11
P5,18,,0,288,2.378715559841112e-11
P5,18,,1,353,6.629886717084138e-11
P5,19,,0,231,7.62334175382574e-11
P5,19,,1,299,9.307824564844679e-11
P6,14,,0,378,1.1144361842896661e-11
P6,14,,1,374,3.7242508529818e-11
P6,14,,2,449,8.82998819700875e-11
P6,15,,0,410,8.271456822631362e-11
P6,15,,1,421,3.5959069953429464e-11
P6,15,,2,488,3.596947885623877e-11
P7,11,noise=0.0_fraction=1.0,0,315,8.257675587954027e-11
P7,11,noise=0.0_fraction=1.0,1,388,5.2732182861661877e-11
P7,12,noise=0.0_fraction=1.0,0,311,3.2339034461974885e-11
P7,12,noise=0.0_fraction=1.0,1,396,4.066937957519961e-11
P7,13,noise=0.0_fraction=1.0,0,338,6.306074253264114e-11
P7,13,noise=0.0_fraction=1.0,1,359,5.141702191776459e-11
P7,14,noise=0.0_fraction=1.0,0,331,7.781072101267622e-11
P7,14,noise=0.0_fraction=1.0,1,391,6.46405724232699e-11
P7,10,noise=0.0_fraction=0.5,0,307,9.129857617262716e-11
P7,10,noise=0.0_fraction=0.5,1,380,5.118930646195176e-11
P7,11,noise=0.0_fraction=0.5,0,245,1.6920136985835016e-11
P7,11,noise=0.0_fraction=0.5,1,289,5.970639254603432e-11
P7,13,noise=0.0_fraction=0.5,0,331,3.768683579704935e-11
P7,13,noise=0.0_fraction=0.5,1,429,6.902164084254246e-11
P7,10,noise=0.0_fraction=0.25,0,226,9.723673312318517e-11
P7,10,noise=0.0_fraction=0.25,1,249,9.900484523241502e-11
P7,11,noise=0.0_fraction=0.25,0,239,5.473816190690913e-11
P7,11,noise=0.0_fraction=0.25,1,294,2.724442883833978e-11
P7,13,noise=0.0_fraction=0.25,0,370,4.1873266078692585e-11
P7,13,noise=0.0_fraction=0.25,1,410,8.407837410717438e-11
P7,14,noise=0.0_fraction=0.25,0,318,3.43718002854709e-11
P7,14,noise=0.0_fraction=0.25,1,348,5.2766380661235425e-11
P7,10,noise=0.01_fraction=1.0,0,189,9.52987926248841e-11
P7,10,noise=0.01_fraction=1.0,1,237,9.106893107916784e-12
P7,11,noise=0.01_fraction=1.0,0,371,7.600000530463276e-11
P7,11,noise=0.01_fraction=1.0,1,466,2.951458270524363e-11
P7,12,noise=0.01_fraction=1.0,0,321,7.861957100528957e-11
P7,12,noise=0.01_fraction=1.0,1,361,3.6977885032753216e-11
P7,13,noise=0.01_fraction=1.0,0,315,3.8776895869722885e-11
P7,13,noise=0.01_fraction=1.0,1,377,9.920950941193711e-11
P7,14,noise=0.01_fraction=1.0,0,290,2.196616385043783e-11
P7,14,noise=0.01_fraction=1.0,1,322,9.344934743704659e-11
P7,10,noise=0.01_fraction=0.5,0,291,2.6425519401154768e-11
P7,10,noise=0.01_fraction=0.5,1,324,6.163197744210288e-11
P7,11,noise=0.01_fraction=0.5,0,246,6.493550439827074e-11
P7,11,noise=0.01_fraction=0.5,1,312,2.863549128263845e-11
P7,12,noise=0.01_fraction=0.5,0,381,7.471341593112684e-11
P7,12,noise=0.01_fraction=0.5,1,463,6.81076376298794e-11
P7,14,noise=0.01_fraction=0.5,0,339,7.174377677944663e-11
P7,14,noise=0.01_fraction=0.5,1,412,8.604242767643092e-11
P7,11,noise=0.01_fraction=0.25,0,253,3.3586994286960497e-11
P7,11,noise=0.01_fraction=0.25,1,324,7.787257123822178e-12
P7,13,noise=0.01_fraction=0.25,0,369,6.009849273860715e-12
P7,13,noise=0.01_fraction=0.25,1,447,7.252084567369645e-11
P7,10,noise=0.05_fraction=1.0,0,213,6.40652832656257e-11
P7,10,noise=0.05_fraction=1.0,1,266,2.1687127159104582e-11
P7,11,noise=0.05_fraction=1.0,0,403,6.42345635358997e-11
P7,11,noise=0.05_fraction=1.0,1,453,1.9481825938541018e-11
P7,12,noise=0.05_fraction=1.0,0,302,6.561077353779557e-11
P7,12,noise=0.05_fraction=1.0,1,360,6.634853029696367e-11
P7,13,noise=0.05_fraction=1.0,0,340,5.999768208502444e-11
P7,13,noise=0.05_fraction=1.0,1,405,8.595691927389016e-11
P7,14,noise=0.05_fraction=1.0,0,340,2.4786218594897676e-11
P7,14,noise=0.05_fraction=1.0,1,390,3.735085678410264e-11
P7,10,noise=0.05_fraction=0.5,0,327,7.045833443750038e-11
P7,10,noise=0.05_fraction=0.5,1,367,7.346096101322158e-11
P7,11,noise=0.05_fraction=0.5,0,234,5.240049839994162e-11
P7,11,noise=0.05_fraction=0.5,1,295,5.5190098947709575e-11
P7,12,noise=0.05_fraction=0.5,0,380,6.214953988403101e-12
P7,12,noise=0.05_fraction=0.5,1,406,3.957266396537326e-11
P7,13,noise=0.05_fraction=0.5,0,350,7.104255430726541e-11
P7,13,noise=0.05_fraction=0.5,1,433,5.424162280533064e-11
P7,10,noise=0.05_fraction=0.25,0,266,5.652349504669577e-11
P7,10,noise=0.05_fraction=0.25,1,284,6.954927103707007e-11
P7,11,noise=0.05_fraction=0.25,0,221,4.112752099545425e-11
P7,11,noise=0.05_fraction=0.25,1,274,6.340737111806804e-11
P7,13,noise=0.05_fraction=0.25,0,372,9.186388079911318e-11
P7,13,noise=0.05_fraction=0.25,1,419,4.2927701274988277e-11
P7,14,noise=0.05_fraction=0.25,0,372,5.4923656884340725e-11
P7,14,noise=0.05_fraction=0.25,1,438,5.5098626554765904e-11
P7,10,architecture=narrow,0,168,8.71105456787381e-11
P7,10,architecture=narrow,1,187,2.0481132125096758e-11
P7,11,architecture=narrow,0,187,2.129140520705499e-11
P7,11,architecture=narrow,1,212,7.12070039453684e-11
P7,12,architecture=narrow,0,180,3.986434258588983e-11
P7,12,architecture=narrow,1,203,4.4259904146576825e-11
P7,13,architecture=narrow,0,158,9.303023730819156e-11
P7,13,architecture=narrow,1,177,3.9149289592062406e-11
P7,14,architecture=narrow,0,168,2.1763711953436813e-11
P7,14,architecture=narrow,1,194,8.462260621531317e-11
P7,12,architecture=wide,0,342,5.629741062753895e-11
P7,12,architecture=wide,1,441,6.031698819006657e-11
P7,13,architecture=wide,0,254,9.340435340049645e-11
P7,13,architecture=wide,1,346,2.567061193432693e-11
P7,14,architecture=wide,0,244,1.9532831881588636e-11
P7,14,architecture=wide,1,275,9.08374815264779e-11
P8,0,,0,205,8.79757019296401e-11
P8,0,,1,255,9.669199951760313e-11
P8,1,,0,256,2.3845011310952036e-11
P8,1,,1,293,4.7504391832340015e-11
P8,2,,0,314,5.256362234980036e-11
P8,2,,1,405,6.368858158694152e-11
