source,benchmark,seed,step_budget,basis_dimension,raw_relative_error,gn_relative_error,corrected_relative_error,improved_over_gn,gn_to_corrected_error_ratio,defect_relative_norm,identity_relative_residual,minimum_gap_eigenvalue,maximum_positive_nested_increment_so_far,dense_oracle_gap_spectral_norm,floating_point_mu_bound,reference_minimum_eigenvalue,subspace_stalled_or_response_converged,reference_scalar,gn_scalar,corrected_scalar
outputs\posthoc\exact_fixed_state_v3\allen_cahn\seed_75.json,Allen-Cahn,75,0,0,19.722305039087054,0.24478447346058754,0.0016478256359418889,True,148.5499849750001,0.008131321315508424,7.836300327640002e-13,0.008152454703889589,0.0,0.00815245470777291,7705.56083229638,4.9474012963461576,False,4.9474012963461576,6.158448320118325,4.955553751050047
outputs\posthoc\exact_fixed_state_v3\allen_cahn\seed_75.json,Allen-Cahn,75,1,1,19.722305039087054,0.24478447346058754,6.298639255197649e-05,True,3886.307241021796,0.0014174239938891222,3.0640351695218514e-13,0.00031161896079368034,0.0,0.0003116189592776837,234.14320991275022,4.9474012963461576,False,4.9474012963461576,6.158448320118325,4.947712915306951
outputs\posthoc\exact_fixed_state_v3\allen_cahn\seed_75.json,Allen-Cahn,75,3,3,19.722305039087054,0.24478447346058754,2.470028523757378e-08,True,9910188.125610158,2.2354181216875314e-05,6.63650435357485e-13,1.2220222345149523e-07,0.0,1.2220550679660054e-07,0.05823707339667654,4.9474012963461576,False,4.9474012963461576,6.158448320118325,4.947401418548381
outputs\posthoc\exact_fixed_state_v3\allen_cahn\seed_75.json,Allen-Cahn,75,5,5,19.722305039087054,0.24478447346058754,5.055402371882214e-13,True,484203739789.4602,1.1128685995419893e-07,4.914253107802574e-13,2.5011104298755527e-12,0.0,4.9323886494883405e-12,1.4433437795269124e-06,4.9474012963461576,False,4.9474012963461576,6.158448320118325,4.947401296348659
outputs\posthoc\exact_fixed_state_v3\allen_cahn\seed_75.json,Allen-Cahn,75,10,9,19.722305039087054,0.24478447346058754,3.6192085162338575e-13,True,676348080975.754,3.578603668864658e-12,3.619208529960503e-13,-1.7905676941154525e-12,1.6200374375330284e-12,3.171913948146747e-21,1.4924823822755353e-15,4.9474012963461576,True,4.9474012963461576,6.158448320118325,4.947401296344367
outputs\posthoc\exact_fixed_state_v3\allen_cahn\seed_76.json,Allen-Cahn,76,0,0,16.21269974914594,0.1198920810829619,0.002911278446891108,True,41.18193545210081,0.0031480539228444155,8.943623722081614e-13,0.023766050914105108,0.0,0.023766050921427438,5132.950549388105,8.163441360400128,False,8.163441360400128,9.142173335096146,8.187207411314233
outputs\posthoc\exact_fixed_state_v3\allen_cahn\seed_76.json,Allen-Cahn,76,1,1,16.21269974914594,0.1198920810829619,5.879511385178992e-05,True,2039.1504196281435,0.0004004994480739979,1.9164945996778534e-12,0.00047997046479508754,0.0,0.0004799704804411987,83.07810822474315,8.163441360400128,False,8.163441360400128,9.142173335096146,8.163921330864923
outputs\posthoc\exact_fixed_state_v3\allen_cahn\seed_76.json,Allen-Cahn,76,3,3,16.21269974914594,0.1198920810829619,6.148244285722188e-08,True,1950021.4290668687,1.558468215805434e-05,1.4152666980300936e-12,5.01908317573907e-07,0.0,5.01919871021316e-07,0.12579942433356053,8.163441360400128,False,8.163441360400128,9.142173335096146,8.163441862308446
outputs\posthoc\exact_fixed_state_v3\allen_cahn\seed_76.json,Allen-Cahn,76,5,5,16.21269974914594,0.1198920810829619,1.5026517902903877e-11,True,7978700179.087581,1.0201333461534541e-07,1.3412916322411096e-12,1.226680979016237e-10,0.0,1.336176534887839e-10,5.390097770082779e-06,8.163441360400128,False,8.163441360400128,9.142173335096146,8.163441360522796
outputs\posthoc\exact_fixed_state_v3\allen_cahn\seed_76.json,Allen-Cahn,76,10,10,16.21269974914594,0.1198920810829619,1.4239679847747187e-12,True,84195770104.99266,7.370592203224538e-13,1.4239679869268193e-12,-1.1624479157035239e-11,1.745092959026806e-11,3.3288651708038457e-21,2.813763046057109e-16,8.163441360400128,False,8.163441360400128,9.142173335096146,8.163441360388504
outputs\posthoc\exact_fixed_state_v3\allen_cahn\seed_77.json,Allen-Cahn,77,0,0,22.221829145930318,0.39049687523095344,0.009332948279399815,True,41.84067708731218,0.004174328568905865,2.1518321348666808e-12,0.04316552650294625,0.0,0.043165526512991506,6316.724028619323,4.625068640409594,False,4.625068640409594,6.431143496123184,4.668234166912541
outputs\posthoc\exact_fixed_state_v3\allen_cahn\seed_77.json,Allen-Cahn,77,1,1,22.221829145930318,0.39049687523095344,0.0009530391577390847,True,409.7385422833387,0.0002179544591830149,2.5221602138726884e-12,0.004407871531071805,0.0,0.004407871542748087,17.220674607665757,4.625068640409594,False,4.625068640409594,6.431143496123184,4.629476511940666
outputs\posthoc\exact_fixed_state_v3\allen_cahn\seed_77.json,Allen-Cahn,77,3,3,22.221829145930318,0.39049687523095344,5.58501559995945e-07,True,699186.7224753833,4.465239142404792e-05,3.3088994979081154e-12,2.5831080563420983e-06,0.0,2.5831233602379476e-06,0.7227832662768678,4.625068640409594,False,4.625068640409594,6.431143496123184,4.625071223517651
outputs\posthoc\exact_fixed_state_v3\allen_cahn\seed_77.json,Allen-Cahn,77,5,5,22.221829145930318,0.39049687523095344,1.0737685344469686e-09,True,363669508.5613345,1.6439923820194036e-06,1.3181779227818172e-12,4.966253186466929e-09,0.0,4.972349849846614e-09,0.0009797567057242191,4.625068640409594,False,4.625068640409594,6.431143496123184,4.625068645375848
outputs\posthoc\exact_fixed_state_v3\allen_cahn\seed_77.json,Allen-Cahn,77,10,10,22.221829145930318,0.39049687523095344,1.8404704054829877e-12,True,212172319678.49918,1.7571102078217682e-11,1.840470512801081e-12,-8.512301974406e-12,1.4338752407638822e-11,4.779488431111617e-19,1.1192230522526889e-13,4.625068640409594,False,4.625068640409594,6.431143496123184,4.625068640401082
outputs\posthoc\exact_fixed_state_v3\allen_cahn\seed_78.json,Allen-Cahn,78,0,0,21.914595788322924,0.28167797695039015,0.0014656585319882175,True,192.18526744308176,0.007877665150428226,9.865163545083028e-13,0.007027422431562513,0.0,0.007027422426825511,6154.296894581754,4.7947200958008835,False,4.7947200958008835,6.145287155246237,4.801747518232446
outputs\posthoc\exact_fixed_state_v3\allen_cahn\seed_78.json,Allen-Cahn,78,1,1,21.914595788322924,0.28167797695039015,2.0713992518052045e-05,True,13598.439639529197,0.0003290120516987469,4.564081139220023e-13,9.931779639771321e-05,0.0,9.93177985861077e-05,10.735122957977264,4.7947200958008835,False,4.7947200958008835,6.145287155246237,4.794819413597281
outputs\posthoc\exact_fixed_state_v3\allen_cahn\seed_78.json,Allen-Cahn,78,3,3,21.914595788322924,0.28167797695039015,5.3525322760558285e-09,True,52625180.46092996,8.232348299239954e-06,1.1402140708222713e-13,2.5663894120953046e-08,0.0,2.566334742021823e-08,0.0067209533865166,4.7947200958008835,False,4.7947200958008835,6.145287155246237,4.794720121464778
outputs\posthoc\exact_fixed_state_v3\allen_cahn\seed_78.json,Allen-Cahn,78,5,5,21.914595788322924,0.28167797695039015,9.069396016653323e-13,True,310580744774.1503,5.840517998257075e-08,8.744913422862232e-14,4.348521542851813e-12,0.0,3.9292274216050685e-12,3.382876502671896e-07,4.7947200958008835,False,4.7947200958008835,6.145287155246237,4.794720095805232
outputs\posthoc\exact_fixed_state_v3\allen_cahn\seed_78.json,Allen-Cahn,78,10,9,21.914595788322924,0.28167797695039015,2.934216358329016e-13,True,959976847483.7375,1.27504916050903e-12,2.9342163708256123e-13,-1.4068746168049984e-12,1.1510792319313623e-12,3.0575517217382042e-21,1.6122681310292108e-16,4.7947200958008835,True,4.7947200958008835,6.145287155246237,4.794720095799477
outputs\posthoc\exact_fixed_state_v3\allen_cahn\seed_79.json,Allen-Cahn,79,0,0,25.18322217722535,0.46672331054507077,0.0028744154066635908,True,162.37155891354226,0.007312157243558416,3.9881736618000655e-12,0.009966722904678704,0.0,0.009966722890810397,16837.822790194557,3.467391266004654,False,3.467391266004654,5.085703601296643,3.4773579889093327
outputs\posthoc\exact_fixed_state_v3\allen_cahn\seed_79.json,Allen-Cahn,79,1,1,25.18322217722535,0.46672331054507077,0.00012095716583563394,True,3858.583386281479,0.0004179849787494808,1.5823636895324115e-12,0.0004194058215887253,0.0,0.0004194058161013876,55.019449371549676,3.467391266004654,False,3.467391266004654,5.085703601296643,3.4678106718262427
outputs\posthoc\exact_fixed_state_v3\allen_cahn\seed_79.json,Allen-Cahn,79,3,3,25.18322217722535,0.46672331054507077,1.4561572491863742e-08,True,32051710.816661578,1.841603631376058e-05,2.3482424441277683e-13,5.049066942319769e-08,0.0,5.048985519565171e-08,0.10680392561752858,3.467391266004654,False,3.467391266004654,5.085703601296643,3.4673913164953234
outputs\posthoc\exact_fixed_state_v3\allen_cahn\seed_79.json,Allen-Cahn,79,5,5,25.18322217722535,0.46672331054507077,1.1844457939069542e-12,True,394043621874.4637,6.706497921257818e-08,9.63300408100213e-13,4.106937012693379e-12,0.0,7.667975911040256e-13,1.4164018292065749e-06,3.467391266004654,False,3.467391266004654,5.085703601296643,3.467391266008761
outputs\posthoc\exact_fixed_state_v3\allen_cahn\seed_79.json,Allen-Cahn,79,10,8,25.18322217722535,0.46672331054507077,2.0369188912517515e-12,True,229132005476.2978,9.228798948033e-13,2.036918898929171e-12,-7.062794793455396e-12,1.77351466845721e-11,6.251428553790683e-21,2.682163573526444e-16,3.467391266004654,True,3.467391266004654,5.085703601296643,3.467391265997591
outputs\posthoc\exact_fixed_state_v3\allen_cahn\seed_80.json,Allen-Cahn,80,0,0,20.3727584054641,0.36626326604464865,0.007030501089149321,True,52.09632448673241,0.005805261499315811,2.7189967269719874e-12,0.02667134045560715,0.0,0.026671340465994623,8265.379676980188,3.7936613688128062,False,3.7936613688128062,5.18314017568423,3.8203327092684134
outputs\posthoc\exact_fixed_state_v3\allen_cahn\seed_80.json,Allen-Cahn,80,1,1,20.3727584054641,0.36626326604464865,0.0001508016803419356,True,2428.774435498094,0.0015994382603869907,4.217504972423645e-13,0.0005720905105732754,0.0,0.0005720905121734953,627.413984447274,3.7936613688128062,False,3.7936613688128062,5.18314017568423,3.7942334593233795
outputs\posthoc\exact_fixed_state_v3\allen_cahn\seed_80.json,Allen-Cahn,80,3,3,20.3727584054641,0.36626326604464865,7.147480522842457e-08,True,5124368.858006915,2.9293753149921337e-05,6.36456451873764e-13,2.711512081532419e-07,0.0,2.711536226536689e-07,0.21045985572729087,3.7936613688128062,False,3.7936613688128062,5.18314017568423,3.7936616399640144
outputs\posthoc\exact_fixed_state_v3\allen_cahn\seed_80.json,Allen-Cahn,80,5,5,20.3727584054641,0.36626326604464865,2.0040816808516278e-12,True,182758651777.60934,2.583354387336095e-07,2.7210300057281933e-13,7.602807272633072e-12,0.0,8.635073914246294e-12,1.636768309160632e-05,3.7936613688128062,False,3.7936613688128062,5.18314017568423,3.793661368820409
outputs\posthoc\exact_fixed_state_v3\allen_cahn\seed_80.json,Allen-Cahn,80,10,9,20.3727584054641,0.36626326604464865,8.016326723406511e-13,True,456896629444.0233,1.7233071032130347e-12,8.016326757457595e-13,-3.0411229090532288e-12,5.7696070143720135e-12,4.901501618832431e-21,7.283574880448702e-16,3.7936613688128062,True,3.7936613688128062,5.18314017568423,3.793661368809765
outputs\posthoc\exact_fixed_state_v3\allen_cahn\seed_82.json,Allen-Cahn,82,0,0,19.31333507115045,0.15552413475285662,0.009222799836638493,True,16.863006625712668,0.005785643437756228,6.812183357541013e-13,0.05137676997357232,0.0,0.051376769977402134,9735.338990419104,5.5706261429685355,False,5.5706261429685355,6.436992955440601,5.622002912942108
outputs\posthoc\exact_fixed_state_v3\allen_cahn\seed_82.json,Allen-Cahn,82,1,1,19.31333507115045,0.15552413475285662,0.0011015904215215392,True,141.18145157620697,0.0008537447480489046,4.606370517876311e-13,0.006136548411987519,0.0,0.006136548409418656,211.9843688730685,5.5706261429685355,False,5.5706261429685355,6.436992955440601,5.576762691380523
outputs\posthoc\exact_fixed_state_v3\allen_cahn\seed_82.json,Allen-Cahn,82,3,3,19.31333507115045,0.15552413475285662,7.428288227496881e-06,True,20936.7393926856,0.0003035583653335017,1.1492398178044303e-12,4.138021667188241e-05,0.0,4.138021026984948e-05,26.799837412834002,5.5706261429685355,False,5.5706261429685355,6.436992955440601,5.570667523185207
outputs\posthoc\exact_fixed_state_v3\allen_cahn\seed_82.json,Allen-Cahn,82,5,5,19.31333507115045,0.15552413475285662,1.2093294871652326e-08,True,12860360.753909832,8.092333525238057e-06,2.3606760437432734e-12,6.736722468758671e-08,0.0,6.735407424374333e-08,0.019045627943689206,5.5706261429685355,False,5.5706261429685355,6.436992955440601,5.57062621033576
outputs\posthoc\exact_fixed_state_v3\allen_cahn\seed_82.json,Allen-Cahn,82,10,10,19.31333507115045,0.15552413475285662,3.1887920506990876e-13,True,487721156726.9199,8.281375340716984e-11,3.188791221678999e-13,1.7763568394002505e-12,8.79651906871004e-12,4.650043235230667e-19,1.9945856306654264e-12,5.5706261429685355,False,5.5706261429685355,6.436992955440601,5.570626142970312
outputs\posthoc\exact_fixed_state_v3\allen_cahn\seed_83.json,Allen-Cahn,83,0,0,17.707638350426283,0.21819187736901235,0.012942698915465121,True,16.858298164403465,0.0060081004949314,3.0866510450038818e-12,0.06508514698542456,0.0,0.06508514696970177,14774.11698782182,5.028715207013576,False,5.028715207013576,6.125940020967889,5.093800353999001
outputs\posthoc\exact_fixed_state_v3\allen_cahn\seed_83.json,Allen-Cahn,83,1,1,17.707638350426283,0.21819187736901235,0.001207579248509093,True,180.68534850892596,0.0009798684973661717,5.501373183764326e-12,0.006072572142727495,0.0,0.006072572115029248,392.973032073492,5.028715207013576,False,5.028715207013576,6.125940020967889,5.034787779156304
outputs\posthoc\exact_fixed_state_v3\allen_cahn\seed_83.json,Allen-Cahn,83,3,3,17.707638350426283,0.21819187736901235,7.859280304109961e-07,True,277623.2287515058,1.7154409243906198e-05,2.661020422926455e-13,3.952208246005284e-06,0.0,3.952209584157723e-06,0.12044220290161395,5.028715207013576,False,5.028715207013576,6.125940020967889,5.028719159221822
outputs\posthoc\exact_fixed_state_v3\allen_cahn\seed_83.json,Allen-Cahn,83,5,5,17.707638350426283,0.21819187736901235,7.344310945634452e-10,True,297089650.7298731,9.391566148396946e-07,4.668348178555314e-12,3.6932448210791335e-09,0.0,3.669769027584757e-09,0.0003609966739196467,5.028715207013576,False,5.028715207013576,6.125940020967889,5.028715210706821
outputs\posthoc\exact_fixed_state_v3\allen_cahn\seed_83.json,Allen-Cahn,83,10,10,17.707638350426283,0.21819187736901235,8.288486239719975e-12,True,26324695614.911694,3.887493507001698e-12,8.288486258019535e-12,-4.168043687968748e-11,3.9747760638420004e-11,9.138414387189403e-21,6.1853817743101696e-15,5.028715207013576,False,5.028715207013576,6.125940020967889,5.028715206971896
outputs\posthoc\exact_fixed_state_v3\allen_cahn\seed_84.json,Allen-Cahn,84,0,0,21.90755154045002,0.2785667026014691,0.05411639161068575,True,5.147547615618623,0.004954931297432937,3.886893864896095e-12,0.2845870735868772,0.0,0.2845870736084237,12165.77255314612,5.258796172018222,False,5.258796172018222,6.723721684096233,5.543383245605099
outputs\posthoc\exact_fixed_state_v3\allen_cahn\seed_84.json,Allen-Cahn,84,1,1,21.90755154045002,0.2785667026014691,0.02184091298197524,True,12.754352477451983,0.0017570959696010119,2.5858668515875143e-13,0.11485690980140362,0.0,0.11485690980279317,1529.8730126139299,5.258796172018222,False,5.258796172018222,6.723721684096233,5.373653081819626
outputs\posthoc\exact_fixed_state_v3\allen_cahn\seed_84.json,Allen-Cahn,84,3,3,21.90755154045002,0.2785667026014691,7.677362811748139e-05,True,3628.4165465672363,0.000791462504974289,4.363381696593086e-12,0.00040373686242389795,0.0,0.0004037368394760013,310.4024275091734,5.258796172018222,False,5.258796172018222,6.723721684096233,5.259199908880646
outputs\posthoc\exact_fixed_state_v3\allen_cahn\seed_84.json,Allen-Cahn,84,5,5,21.90755154045002,0.2785667026014691,1.3629934987429157e-07,True,2043785.9964731324,3.960680746249087e-05,4.4822768100639635e-12,7.167705007304903e-07,0.0,7.167469293471469e-07,0.7773276083529773,5.258796172018222,False,5.258796172018222,6.723721684096233,5.258796888788723
outputs\posthoc\exact_fixed_state_v3\allen_cahn\seed_84.json,Allen-Cahn,84,10,10,21.90755154045002,0.2785667026014691,5.926147983639425e-12,True,47006369630.07342,5.248842120895916e-11,5.9261476582409565e-12,3.1164404390437994e-11,9.85806991593563e-11,1.770281018499428e-18,1.3651847813543865e-12,5.258796172018222,False,5.258796172018222,6.723721684096233,5.2587961720493865
outputs\posthoc\exact_fixed_state_v3\burgers\seed_55.json,Burgers,55,0,0,22.204466950614524,0.0789616526557739,0.010072708738457153,True,7.839167666419444,0.007009277958999973,8.370673283229899e-12,0.30482516187396413,0.0,0.30482516212983307,86475.99432929048,30.26248149213609,False,30.26248149213609,32.65205704500954,30.567306654010054
outputs\posthoc\exact_fixed_state_v3\burgers\seed_55.json,Burgers,55,1,1,22.204466950614524,0.0789616526557739,0.0004579801525818432,True,172.41282664899563,0.0007579553065349172,8.524186665737197e-12,0.013859615895853494,0.0,0.013859616153934677,1011.1979832601382,30.26248149213609,False,30.26248149213609,32.65205704500954,30.276341108031943
outputs\posthoc\exact_fixed_state_v3\burgers\seed_55.json,Burgers,55,3,3,22.204466950614524,0.0789616526557739,1.0072526992103894e-07,True,783930.9114552279,7.688322403966539e-06,8.642376127753504e-12,3.0481966177831055e-06,0.0,3.0484581575570633e-06,0.10404283386645308,30.26248149213609,False,30.26248149213609,32.65205704500954,30.262484540332707
outputs\posthoc\exact_fixed_state_v3\burgers\seed_55.json,Burgers,55,5,5,22.204466950614524,0.0789616526557739,4.014025951473028e-11,True,1967143551.3962567,8.625655701478202e-08,1.7101526164291035e-12,1.2147438610554673e-09,0.0,1.2664973229609585e-09,1.3095836282484838e-05,30.26248149213609,False,30.26248149213609,32.65205704500954,30.262481493350833
outputs\posthoc\exact_fixed_state_v3\burgers\seed_55.json,Burgers,55,10,10,22.204466950614524,0.0789616526557739,4.8348632658360195e-12,True,16331724045.58586,3.1755184033188947e-12,4.83486326911584e-12,-1.4631496014771983e-10,4.3587533582467586e-10,5.0906864710299564e-20,1.774917890852513e-14,30.26248149213609,False,30.26248149213609,32.65205704500954,30.262481491989774
outputs\posthoc\exact_fixed_state_v3\burgers\seed_56.json,Burgers,56,0,0,19.987875943456046,0.09228635643654069,0.03212017966330336,True,2.8731581642420245,0.003292115240901478,6.714165857616747e-12,1.6385673228423911,0.0,1.6385673224888755,113103.92285903535,51.01364125908731,False,51.01364125908731,46.305778177802495,52.6522085819297
outputs\posthoc\exact_fixed_state_v3\burgers\seed_56.json,Burgers,56,1,1,19.987875943456046,0.09228635643654069,0.004430780285388647,True,20.82846597942867,0.0011697293144143845,3.6757333367541424e-12,0.22603023602096073,0.0,0.2260302362093041,14279.018527371813,51.01364125908731,False,51.01364125908731,46.305778177802495,51.23967149510827
outputs\posthoc\exact_fixed_state_v3\burgers\seed_56.json,Burgers,56,3,3,19.987875943456046,0.09228635643654069,2.8386029489499674e-05,True,3251.1188812327027,8.712593561598688e-05,1.0875253162712582e-12,0.00144807472543107,0.0,0.0014480746699508688,79.21775293400619,51.01364125908731,False,51.01364125908731,46.305778177802495,51.01508933381274
outputs\posthoc\exact_fixed_state_v3\burgers\seed_56.json,Burgers,56,5,5,19.987875943456046,0.09228635643654069,1.7635904918807876e-07,True,523286.7656148541,1.0105439716914616e-05,4.158350314097667e-12,8.996717269837973e-06,0.0,8.996505137209408e-06,1.0657075456657816,51.01364125908731,False,51.01364125908731,46.305778177802495,51.01365025580458
outputs\posthoc\exact_fixed_state_v3\burgers\seed_56.json,Burgers,56,10,10,19.987875943456046,0.09228635643654069,1.114278797723333e-11,True,8282160319.760001,7.330327502708005e-10,1.1142639134060021e-11,5.684341886080801e-10,3.985860530519858e-10,7.593137341207453e-15,5.6075656430634215e-09,51.01364125908731,False,51.01364125908731,46.305778177802495,51.01364125965574
outputs\posthoc\exact_fixed_state_v3\burgers\seed_58.json,Burgers,58,0,0,28.79443265785639,0.014205395893809295,0.010509167709017272,True,1.3517146445022965,0.001776246034004305,9.913085856470602e-13,0.2723764699979938,0.0,0.27237647002395654,10110.841327218337,25.91798679349199,False,25.91798679349199,26.28616205680612,26.190363263489985
outputs\posthoc\exact_fixed_state_v3\burgers\seed_58.json,Burgers,58,1,1,28.79443265785639,0.014205395893809295,0.00030093873356069656,True,47.20361425640212,0.00016093727328874802,3.4327494773191042e-12,0.007799726125085726,0.0,0.0077997262140824565,83.00310336024194,25.91798679349199,False,25.91798679349199,26.28616205680612,25.925786519617077
outputs\posthoc\exact_fixed_state_v3\burgers\seed_58.json,Burgers,58,3,3,28.79443265785639,0.014205395893809295,4.944414642319035e-07,True,28730.187335475297,5.924858038256386e-06,2.3092921582496673e-13,1.2814927345061733e-05,0.0,1.2814921359838408e-05,0.11249596625865296,25.91798679349199,False,25.91798679349199,26.28616205680612,25.917999608419336
outputs\posthoc\exact_fixed_state_v3\burgers\seed_58.json,Burgers,58,5,5,28.79443265785639,0.014205395893809295,2.1485059934100353e-10,True,66117553.02233519,1.617163106636534e-07,4.79159141026476e-12,5.568494998442475e-09,0.0,5.6926834013602084e-09,8.380862245483878e-05,25.91798679349199,False,25.91798679349199,26.28616205680612,25.917986799060486
outputs\posthoc\exact_fixed_state_v3\burgers\seed_58.json,Burgers,58,10,10,28.79443265785639,0.014205395893809295,3.3863061736439583e-12,True,4194953192.470207,5.963514485137753e-12,3.386306205860766e-12,-8.776623872108757e-11,3.353761712787673e-11,8.011317207304009e-19,1.139687039133939e-13,25.91798679349199,False,25.91798679349199,26.28616205680612,25.917986793404225
outputs\posthoc\exact_fixed_state_v3\burgers\seed_59.json,Burgers,59,0,0,25.598835719042548,0.021715011005310245,0.0599441437147424,False,0.3622540862147598,0.006471296458063838,9.635448127125087e-12,2.011002686640836,0.0,2.0110026869834625,828186.4593682281,33.547942491450044,False,33.547942491450044,34.27643643207455,35.55894517809088
outputs\posthoc\exact_fixed_state_v3\burgers\seed_59.json,Burgers,59,1,1,25.598835719042548,0.021715011005310245,0.016959653354182282,True,1.2803923849042163,0.0015587470681466785,9.363228274226957e-12,0.5689614755706316,0.0,0.568961475890076,48050.380730373996,33.547942491450044,False,33.547942491450044,34.27643643207455,34.116903967020676
outputs\posthoc\exact_fixed_state_v3\burgers\seed_59.json,Burgers,59,3,3,25.598835719042548,0.021715011005310245,0.0005863115356501713,True,37.03664295335769,0.0005194579006154463,1.682654481526511e-11,0.019669545685928824,0.0,0.019669546250755753,5336.373832841971,33.547942491450044,False,33.547942491450044,34.27643643207455,33.56761203713597
outputs\posthoc\exact_fixed_state_v3\burgers\seed_59.json,Burgers,59,5,5,25.598835719042548,0.021715011005310245,4.107550803841842e-06,True,5286.608015900845,3.581995434201965e-05,9.010118333948596e-12,0.00013779987818907102,0.0,0.00013780018046124433,25.37438878482258,33.547942491450044,False,33.547942491450044,34.27643643207455,33.54808029132823
outputs\posthoc\exact_fixed_state_v3\burgers\seed_59.json,Burgers,59,10,10,25.598835719042548,0.021715011005310245,5.150956525258956e-12,True,4215723992.005263,5.0163260351656006e-08,7.1572341943874654e-12,-1.7280399333685637e-10,0.0,6.73064878142941e-11,4.976420210477786e-05,33.547942491450044,False,33.547942491450044,34.27643643207455,33.54794249127724
outputs\posthoc\exact_fixed_state_v3\burgers\seed_60.json,Burgers,60,0,0,27.413699989306863,0.09673677812460832,0.008626628010269746,True,11.213741685563123,0.0032098933785712257,1.4712922870336804e-12,0.37966297409457184,0.0,0.37966297415988287,157924.16751437122,44.01058832678632,False,44.01058832678632,39.75314580771715,44.39025130088089
outputs\posthoc\exact_fixed_state_v3\burgers\seed_60.json,Burgers,60,1,1,27.413699989306863,0.09673677812460832,8.526414271728534e-05,True,1134.554046304827,0.00015080211872415479,3.0500329836583594e-12,0.0037525250850194425,0.0,0.003752525219264634,348.5637898916159,44.01058832678632,False,44.01058832678632,39.75314580771715,44.01434085187134
outputs\posthoc\exact_fixed_state_v3\burgers\seed_60.json,Burgers,60,3,3,27.413699989306863,0.09673677812460832,4.135752007838963e-08,True,2339037.203905168,2.8532325480485845e-06,2.367438579302606e-12,1.8201687908003805e-06,0.0,1.8202729831693923e-06,0.12477906342205637,44.01058832678632,False,44.01058832678632,39.75314580771715,44.01059014695511
outputs\posthoc\exact_fixed_state_v3\burgers\seed_60.json,Burgers,60,5,5,27.413699989306863,0.09673677812460832,7.553189495086827e-12,True,12807407809.314638,2.648966510522207e-08,8.45646433257234e-12,-3.3242031349800527e-10,0.0,3.975365694298783e-11,1.0755245249876147e-05,44.01058832678632,False,44.01058832678632,39.75314580771715,44.0105883264539
outputs\posthoc\exact_fixed_state_v3\burgers\seed_60.json,Burgers,60,10,9,27.413699989306863,0.09673677812460832,1.9528766273206707e-12,True,49535529675.1799,1.2237519849260493e-12,1.9528766322602746e-12,-8.594724931754172e-11,3.7130121199879795e-10,1.9786610295590812e-19,2.2953779262962732e-14,44.01058832678632,True,44.01058832678632,39.75314580771715,44.01058832670037
outputs\posthoc\exact_fixed_state_v3\burgers\seed_62.json,Burgers,62,0,0,30.446419626123674,0.07110291928182814,0.019904348487278106,True,3.5722304262947207,0.010704737616757758,7.421553148047657e-12,0.44607830774850754,0.0,0.4460783079181433,334467.1478622299,22.41109814946094,False,22.41109814946094,24.00459265291022,22.857176457209448
outputs\posthoc\exact_fixed_state_v3\burgers\seed_62.json,Burgers,62,1,1,30.446419626123674,0.07110291928182814,0.0003688871227054632,True,192.74980042770443,0.00038452848989176954,9.161666199389934e-12,0.008267165516713249,0.0,0.00826716572211199,431.57716517184963,22.41109814946094,False,22.41109814946094,24.00459265291022,22.419365314977654
outputs\posthoc\exact_fixed_state_v3\burgers\seed_62.json,Burgers,62,3,3,30.446419626123674,0.07110291928182814,1.166597085730488e-06,True,60948.994431359846,1.5702750626000955e-05,1.331666144421255e-11,2.6144721800847037e-05,0.0,2.6145020242201847e-05,0.7197022836144079,22.41109814946094,False,22.41109814946094,24.00459265291022,22.41112429418274
outputs\posthoc\exact_fixed_state_v3\burgers\seed_62.json,Burgers,62,5,5,30.446419626123674,0.07110291928182814,2.574949179950419e-10,True,276133291.62169033,4.6382118748368413e-07,1.7805694152409072e-11,5.77074388274923e-09,0.0,6.169789042120904e-09,0.0006279174900711606,22.41109814946094,False,22.41109814946094,24.00459265291022,22.411098155231684
outputs\posthoc\exact_fixed_state_v3\burgers\seed_62.json,Burgers,62,10,10,30.446419626123674,0.07110291928182814,1.54060690691675e-11,True,4615253830.331577,3.4423650089437562e-12,1.5406069087055383e-11,-3.452669261605479e-10,2.384012987022288e-10,2.4682643426118105e-19,3.458718766582434e-14,22.41109814946094,False,22.41109814946094,24.00459265291022,22.411098149115674
outputs\posthoc\exact_fixed_state_v3\burgers\seed_64.json,Burgers,64,0,0,23.655225482588886,0.06994578374212969,0.04785017175043504,True,1.461766618246125,0.002505730690032274,9.70449430063893e-13,1.9606714536855634,0.0,1.9606714536438963,72694.70873487873,40.97522289853089,False,40.97522289853089,38.10917881818523,42.93589435221645
outputs\posthoc\exact_fixed_state_v3\burgers\seed_64.json,Burgers,64,1,1,23.655225482588886,0.06994578374212969,0.005203823769205824,True,13.44122838210649,0.0008905546167522836,3.3076867488395122e-12,0.21322783891992003,0.0,0.21322783905615852,9182.377330191866,40.97522289853089,False,40.97522289853089,38.10917881818523,41.18845073745081
outputs\posthoc\exact_fixed_state_v3\burgers\seed_64.json,Burgers,64,3,3,23.655225482588886,0.06994578374212969,3.600143823644061e-05,True,1942.8608180250603,5.187581979516165e-05,3.2910233668638497e-12,0.001475166956765861,0.0,0.0014751670916211318,31.157597465578505,40.97522289853089,False,40.97522289853089,38.10917881818523,40.97669806548765
outputs\posthoc\exact_fixed_state_v3\burgers\seed_64.json,Burgers,64,5,5,23.655225482588886,0.06994578374212969,8.522191176470553e-08,True,820748.8226179125,2.9537580522639205e-06,1.5331990305518436e-12,3.4919868312499602e-06,0.0,3.492049654427339e-06,0.10101453139626645,40.97522289853089,False,40.97522289853089,38.10917881818523,40.97522639051772
outputs\posthoc\exact_fixed_state_v3\burgers\seed_64.json,Burgers,64,10,10,23.655225482588886,0.06994578374212969,5.049638048711219e-13,True,138516430420.15936,7.62306152927057e-10,5.033290664404819e-13,2.0691004465334117e-11,7.196376827778295e-11,6.698377661549061e-14,6.728106644952002e-09,40.97522289853089,False,40.97522289853089,38.10917881818523,40.97522289855158
outputs\posthoc\exact_fixed_state_v3\burgers\seed_65.json,Burgers,65,0,0,30.283573453515885,0.10054054391634194,0.018898230037461893,True,5.320103719609762,0.0032841304314443842,1.6238992993828438e-11,0.442615303961702,0.0,0.44261530357418105,83638.09717475274,23.420992489525474,False,23.420992489525474,25.77575181448833,23.863607793487176
outputs\posthoc\exact_fixed_state_v3\burgers\seed_65.json,Burgers,65,1,1,30.283573453515885,0.10054054391634194,0.0011284792521285376,True,89.09383466882743,0.000459355446308046,1.1973459259867318e-11,0.026430104099972596,0.0,0.026430103819225836,1636.2930637462864,23.420992489525474,False,23.420992489525474,25.77575181448833,23.447422593625447
outputs\posthoc\exact_fixed_state_v3\burgers\seed_65.json,Burgers,65,3,3,30.283573453515885,0.10054054391634194,2.452537510297574e-06,True,40994.49794109084,2.0725515519104722e-05,8.730271513750967e-12,5.744086263348436e-05,0.0,5.744065816135933e-05,3.330995402476772,23.420992489525474,False,23.420992489525474,25.77575181448833,23.421049930388108
outputs\posthoc\exact_fixed_state_v3\burgers\seed_65.json,Burgers,65,5,5,30.283573453515885,0.10054054391634194,1.0733291322950152e-09,True,93671680.83974765,5.413449579251499e-07,1.0432678726818242e-11,2.5138433557003736e-08,0.0,2.4894089866635033e-08,0.0022725400296007394,23.420992489525474,False,23.420992489525474,25.77575181448833,23.420992514663908
outputs\posthoc\exact_fixed_state_v3\burgers\seed_65.json,Burgers,65,10,10,30.283573453515885,0.10054054391634194,1.5610648016736472e-11,True,6440510593.061256,3.260826404419637e-11,1.5610639667686114e-11,3.6561687011271715e-10,1.184616849059239e-10,1.9569344472748963e-16,8.245532496582625e-12,23.420992489525474,False,23.420992489525474,25.77575181448833,23.42099248989109
outputs\posthoc\exact_fixed_state_v3\burgers\seed_66.json,Burgers,66,0,0,28.039990750790047,0.08431587631193634,0.02243631941233586,True,3.7580083775050053,0.0036287382932044645,8.63131151783032e-12,0.6243591723109603,0.0,0.6243591720653786,41225.34242068175,27.82805684890161,False,27.82805684890161,30.17440384901829,28.45241602121257
outputs\posthoc\exact_fixed_state_v3\burgers\seed_66.json,Burgers,66,1,1,28.039990750790047,0.08431587631193634,0.0008588330294480163,True,98.17493438291177,0.00041277124495461273,8.05346581612441e-12,0.02389965437578212,0.0,0.02389965415147734,533.4231339360748,27.82805684890161,False,27.82805684890161,30.17440384901829,27.851956503277393
outputs\posthoc\exact_fixed_state_v3\burgers\seed_66.json,Burgers,66,3,3,28.039990750790047,0.08431587631193634,5.490860859412865e-07,True,153556.7527037139,5.721227794527335e-06,8.848057536151798e-13,1.5279998820005858e-05,0.0,1.5279974197567526e-05,0.1024781922697191,27.82805684890161,False,27.82805684890161,30.17440384901829,27.82807212890043
outputs\posthoc\exact_fixed_state_v3\burgers\seed_66.json,Burgers,66,5,5,28.039990750790047,0.08431587631193634,4.2679049817092715e-10,True,197557997.83098337,2.3802426282630336e-07,2.428566309996772e-12,1.1876750249939505e-08,0.0,1.1809167968574744e-08,0.00017737623557759384,27.82805684890161,False,27.82805684890161,30.17440384901829,27.82805686077836
outputs\posthoc\exact_fixed_state_v3\burgers\seed_66.json,Burgers,66,10,10,28.039990750790047,0.08431587631193634,3.705395685237065e-12,True,22754891373.103638,3.2823945694415627e-12,3.705395633463047e-12,1.0311396181350574e-10,7.09405867382884e-11,1.477442191985103e-18,3.37314140053021e-14,27.82805684890161,False,27.82805684890161,30.17440384901829,27.828056849004724
outputs\posthoc\exact_fixed_state_v3\burgers\seed_67.json,Burgers,67,0,0,38.67292206092961,0.04202628008946151,0.08206743236501556,False,0.5120944920335639,0.003097024445062325,3.6111235354683132e-12,2.8236717052216136,0.0,2.82367170508717,218045.3975830577,34.40672655435287,False,34.40672655435287,32.96073982679786,37.230398259574486
outputs\posthoc\exact_fixed_state_v3\burgers\seed_67.json,Burgers,67,1,1,38.67292206092961,0.04202628008946151,0.017077905108135158,True,2.4608568687644277,0.0017515221048111345,1.9575139099436471e-13,0.5875948113475715,0.0,0.5875948113544217,69741.11763486643,34.40672655435287,False,34.40672655435287,32.96073982679786,34.99432136570044
outputs\posthoc\exact_fixed_state_v3\burgers\seed_67.json,Burgers,67,3,3,38.67292206092961,0.04202628008946151,0.00014545081506262236,True,288.9380858496222,0.00012007018656511159,8.082935174874051e-13,0.0050044864224219054,0.0,0.005004486394607126,327.7389277303175,34.40672655435287,False,34.40672655435287,32.96073982679786,34.411731040775294
outputs\posthoc\exact_fixed_state_v3\burgers\seed_67.json,Burgers,67,5,5,38.67292206092961,0.04202628008946151,1.9658965361059463e-07,True,213776.6627978667,6.0476092085033306e-06,1.7975802105129932e-12,6.764006457160576e-06,0.0,6.763944608297655e-06,0.8314288629396895,34.40672655435287,False,34.40672655435287,32.96073982679786,34.40673331835933
outputs\posthoc\exact_fixed_state_v3\burgers\seed_67.json,Burgers,67,10,10,38.67292206092961,0.04202628008946151,7.004912121443455e-13,True,59995442285.15094,5.683986742545264e-09,6.010487958183773e-13,2.4101609596982598e-11,0.0,3.4214880334221323e-12,7.34452595956324e-07,34.40672655435287,False,34.40672655435287,32.96073982679786,34.406726554376974
outputs\posthoc\exact_fixed_state_v3\burgers\seed_68.json,Burgers,68,0,0,29.811114324910385,0.20705105792545012,0.013587268814226599,True,15.238607608076213,0.006342862876736122,4.402339790975763e-12,0.30602919915816074,0.0,0.3060291992586629,147086.1660728801,22.523231357714735,False,22.523231357714735,27.186690240299754,22.829260556872896
outputs\posthoc\exact_fixed_state_v3\burgers\seed_68.json,Burgers,68,1,1,29.811114324910385,0.20705105792545012,0.00016544570195706015,True,1251.4743838990041,0.00015402029004374533,4.455453284899289e-12,0.0037263718239728405,0.0,0.0037263717236050327,86.72754565561463,22.523231357714735,False,22.523231357714735,27.186690240299754,22.526957729538708
outputs\posthoc\exact_fixed_state_v3\burgers\seed_68.json,Burgers,68,3,3,29.811114324910385,0.20705105792545012,2.5800827253943318e-08,True,8024977.489580497,4.405985206580778e-06,1.4133581497400804e-12,5.811180017190054e-07,0.0,5.810861683255862e-07,0.07097203396943574,22.523231357714735,False,22.523231357714735,27.186690240299754,22.523231938832737
outputs\posthoc\exact_fixed_state_v3\burgers\seed_68.json,Burgers,68,5,5,29.811114324910385,0.20705105792545012,6.66274849032727e-13,True,310759228306.51514,5.157504370854057e-08,7.349382690904075e-12,1.5006662579253316e-11,0.0,1.8053850926298017e-10,9.724793583679189e-06,22.523231357714735,False,22.523231357714735,27.186690240299754,22.523231357729742
outputs\posthoc\exact_fixed_state_v3\burgers\seed_68.json,Burgers,68,10,9,29.811114324910385,0.20705105792545012,1.1780950739715036e-11,True,17575072037.9006,1.0434426343478634e-12,1.1780950752562588e-11,-2.653450792422518e-10,1.0015810403274372e-10,1.715588418270102e-19,3.980506504249674e-15,22.523231357714735,True,22.523231357714735,27.186690240299754,22.52323135744939
outputs\posthoc\exact_fixed_state_v3\burgers\seed_69.json,Burgers,69,0,0,25.279239989553403,0.05510791338425962,0.01956714306459701,True,2.8163494896690775,0.003667152495054184,9.859318185696492e-12,0.4376843069360348,0.0,0.4376843071608865,104495.16704280885,22.368329668538536,False,22.368329668538536,23.601001643014,22.80601397547457
outputs\posthoc\exact_fixed_state_v3\burgers\seed_69.json,Burgers,69,1,1,25.279239989553403,0.05510791338425962,0.0014382306825973562,True,38.316463451285934,0.0010046320946690795,4.988046875204505e-12,0.03217081806212718,0.0,0.03217081817386193,7842.460881050793,22.368329668538536,False,22.368329668538536,23.601001643014,22.400500486600663
outputs\posthoc\exact_fixed_state_v3\burgers\seed_69.json,Burgers,69,3,3,25.279239989553403,0.05510791338425962,4.67154020228728e-06,True,11796.519134583854,5.350335887136918e-05,4.196367969804019e-12,0.00010449455135130847,0.0,0.00010449464521748913,22.243358376014346,22.368329668538536,False,22.368329668538536,23.601001643014,22.368434163089887
outputs\posthoc\exact_fixed_state_v3\burgers\seed_69.json,Burgers,69,5,5,25.279239989553403,0.05510791338425962,7.421545067956502e-09,True,7425396.3129854575,1.6711747084332363e-06,8.317167121400072e-12,1.6600756680418272e-07,0.0,1.6619360794164323e-07,0.021701111244772385,22.368329668538536,False,22.368329668538536,23.601001643014,22.368329834546103
outputs\posthoc\exact_fixed_state_v3\burgers\seed_69.json,Burgers,69,10,10,25.279239989553403,0.05510791338425962,6.3429489602304e-12,True,8688058776.726763,1.721806068121537e-10,6.342975473668706e-12,-1.418811734765768e-10,8.071765478234738e-11,5.929978991714275e-16,2.3035982108825354e-10,22.368329668538536,False,22.368329668538536,23.601001643014,22.368329668396655
