center,alpha,task_dir,terminal_status,failure_reason,achieved_normalized_gradient,gamma,labels,nfev_total,seconds_total
burgers_1006,1e-10,tasks_grid/burgers_1006_a1e-10,CURVATURE_STABILITY_UNRESOLVED,1e-10 polish state not reached within the frozen stage budget,7.771384545028965e-09,3.303337365423312e-05,"{""reference_gradient_pass"": true, ""finite_damped_or_proximal_stability_pass"": true, ""curvature_stability"": ""UNRESOLVED"", ""physical_fit_preserved"": true, ""REFERENCE_CAPABLE"": false, ""raw_local_minimum"": false}",6697,259.75293403398246
burgers_1007,1e-10,tasks_grid/burgers_1007_a1e-10,PASS,,4.4712381334104535e-11,3.0215376754142998e-05,"{""reference_gradient_pass"": true, ""finite_damped_or_proximal_stability_pass"": true, ""curvature_stability"": ""STABLE"", ""physical_fit_preserved"": true, ""REFERENCE_CAPABLE"": true, ""raw_local_minimum"": true}",362,18.130928362021223
allen_cahn_1016,1e-10,tasks_grid/allen_cahn_1016_a1e-10,PASS,,2.4401998615164624e-12,6.727446620497364e-06,"{""reference_gradient_pass"": true, ""finite_damped_or_proximal_stability_pass"": true, ""curvature_stability"": ""STABLE"", ""physical_fit_preserved"": true, ""REFERENCE_CAPABLE"": true, ""raw_local_minimum"": true}",398,8.361757451901212
allen_cahn_1017,1e-10,tasks_grid/allen_cahn_1017_a1e-10,PASS,,1.291048235912059e-11,1.5245681177119341e-05,"{""reference_gradient_pass"": true, ""finite_damped_or_proximal_stability_pass"": true, ""curvature_stability"": ""STABLE"", ""physical_fit_preserved"": true, ""REFERENCE_CAPABLE"": true, ""raw_local_minimum"": false}",830,22.15152647299692
multi_1026,1e-10,tasks_grid/multi_1026_a1e-10,PASS,,1.2101331303406278e-12,3.6589115233599164e-05,"{""reference_gradient_pass"": true, ""finite_damped_or_proximal_stability_pass"": true, ""curvature_stability"": ""STABLE"", ""physical_fit_preserved"": true, ""REFERENCE_CAPABLE"": true, ""raw_local_minimum"": true}",267,16.286968083120883
multi_1027,1e-10,tasks_grid/multi_1027_a1e-10,PASS,,1.9371150768157502e-13,1.2429861661545018e-05,"{""reference_gradient_pass"": true, ""finite_damped_or_proximal_stability_pass"": true, ""curvature_stability"": ""STABLE"", ""physical_fit_preserved"": true, ""REFERENCE_CAPABLE"": true, ""raw_local_minimum"": true}",462,25.656762819970027
burgers_1006,1e-08,tasks_grid/burgers_1006_a1e-08,PASS,,9.146385614761781e-12,0.0033033373654233118,"{""reference_gradient_pass"": true, ""finite_damped_or_proximal_stability_pass"": true, ""curvature_stability"": ""STABLE"", ""physical_fit_preserved"": true, ""REFERENCE_CAPABLE"": true, ""raw_local_minimum"": true}",704,31.864284709095955
burgers_1007,1e-08,tasks_grid/burgers_1007_a1e-08,PASS,,8.435558045029162e-12,0.0030215376754142995,"{""reference_gradient_pass"": true, ""finite_damped_or_proximal_stability_pass"": true, ""curvature_stability"": ""STABLE"", ""physical_fit_preserved"": true, ""REFERENCE_CAPABLE"": true, ""raw_local_minimum"": true}",254,12.337163449963555
allen_cahn_1016,1e-08,tasks_grid/allen_cahn_1016_a1e-08,PASS,,2.5446561550354785e-12,0.0006727446620497364,"{""reference_gradient_pass"": true, ""finite_damped_or_proximal_stability_pass"": true, ""curvature_stability"": ""STABLE"", ""physical_fit_preserved"": true, ""REFERENCE_CAPABLE"": true, ""raw_local_minimum"": false}",145,5.276455904124305
allen_cahn_1017,1e-08,tasks_grid/allen_cahn_1017_a1e-08,PHYSICAL_FIT_FAIL,frozen physical-fit gate violated,2.0925334278698054e-11,0.001524568117711934,"{""reference_gradient_pass"": true, ""finite_damped_or_proximal_stability_pass"": true, ""curvature_stability"": ""STABLE"", ""physical_fit_preserved"": false, ""REFERENCE_CAPABLE"": false, ""raw_local_minimum"": false}",144,4.907252171076834
multi_1026,1e-08,tasks_grid/multi_1026_a1e-08,PHYSICAL_FIT_FAIL,frozen physical-fit gate violated,2.546247764617206e-12,0.003658911523359916,"{""reference_gradient_pass"": true, ""finite_damped_or_proximal_stability_pass"": true, ""curvature_stability"": ""STABLE"", ""physical_fit_preserved"": false, ""REFERENCE_CAPABLE"": false, ""raw_local_minimum"": false}",156,11.475859935162589
multi_1027,1e-08,tasks_grid/multi_1027_a1e-08,PASS,,3.162267587020761e-13,0.0012429861661545018,"{""reference_gradient_pass"": true, ""finite_damped_or_proximal_stability_pass"": true, ""curvature_stability"": ""STABLE"", ""physical_fit_preserved"": true, ""REFERENCE_CAPABLE"": true, ""raw_local_minimum"": false}",140,9.670898131094873
burgers_1006,1e-06,tasks_grid/burgers_1006_a1e-06,PASS,,4.3255208879950536e-11,0.33033373654233117,"{""reference_gradient_pass"": true, ""finite_damped_or_proximal_stability_pass"": true, ""curvature_stability"": ""STABLE"", ""physical_fit_preserved"": true, ""REFERENCE_CAPABLE"": true, ""raw_local_minimum"": false}",25,3.586528221843764
burgers_1007,1e-06,tasks_grid/burgers_1007_a1e-06,PASS,,2.0815200269298698e-11,0.3021537675414299,"{""reference_gradient_pass"": true, ""finite_damped_or_proximal_stability_pass"": true, ""curvature_stability"": ""STABLE"", ""physical_fit_preserved"": true, ""REFERENCE_CAPABLE"": true, ""raw_local_minimum"": false}",104,7.197363225044683
allen_cahn_1016,1e-06,tasks_grid/allen_cahn_1016_a1e-06,PASS,,1.0835635895655579e-11,0.06727446620497363,"{""reference_gradient_pass"": true, ""finite_damped_or_proximal_stability_pass"": true, ""curvature_stability"": ""STABLE"", ""physical_fit_preserved"": true, ""REFERENCE_CAPABLE"": true, ""raw_local_minimum"": false}",51,2.296240475960076
allen_cahn_1017,1e-06,tasks_grid/allen_cahn_1017_a1e-06,PASS,,1.453932168585783e-12,0.15245681177119338,"{""reference_gradient_pass"": true, ""finite_damped_or_proximal_stability_pass"": true, ""curvature_stability"": ""STABLE"", ""physical_fit_preserved"": true, ""REFERENCE_CAPABLE"": true, ""raw_local_minimum"": false}",55,2.2899166960269213
multi_1026,1e-06,tasks_grid/multi_1026_a1e-06,PASS,,4.834152995969995e-12,0.3658911523359916,"{""reference_gradient_pass"": true, ""finite_damped_or_proximal_stability_pass"": true, ""curvature_stability"": ""STABLE"", ""physical_fit_preserved"": true, ""REFERENCE_CAPABLE"": true, ""raw_local_minimum"": false}",33,3.008240562863648
multi_1027,1e-06,tasks_grid/multi_1027_a1e-06,PASS,,2.1952145421097643e-13,0.12429861661545018,"{""reference_gradient_pass"": true, ""finite_damped_or_proximal_stability_pass"": true, ""curvature_stability"": ""STABLE"", ""physical_fit_preserved"": true, ""REFERENCE_CAPABLE"": true, ""raw_local_minimum"": false}",29,2.8487673541530967
burgers_1006,0.0001,tasks_grid/burgers_1006_a1e-04,PASS,,5.22071005563667e-12,33.03337365423312,"{""reference_gradient_pass"": true, ""finite_damped_or_proximal_stability_pass"": true, ""curvature_stability"": ""STABLE"", ""physical_fit_preserved"": true, ""REFERENCE_CAPABLE"": true, ""raw_local_minimum"": false}",26,2.6302574169822037
burgers_1007,0.0001,tasks_grid/burgers_1007_a1e-04,PASS,,2.1388532487995656e-12,30.215376754142998,"{""reference_gradient_pass"": true, ""finite_damped_or_proximal_stability_pass"": true, ""curvature_stability"": ""STABLE"", ""physical_fit_preserved"": true, ""REFERENCE_CAPABLE"": true, ""raw_local_minimum"": false}",12,2.3017005249857903
allen_cahn_1016,0.0001,tasks_grid/allen_cahn_1016_a1e-04,PASS,,2.239326445358095e-12,6.727446620497364,"{""reference_gradient_pass"": true, ""finite_damped_or_proximal_stability_pass"": true, ""curvature_stability"": ""STABLE"", ""physical_fit_preserved"": true, ""REFERENCE_CAPABLE"": true, ""raw_local_minimum"": false}",22,2.021712505025789
allen_cahn_1017,0.0001,tasks_grid/allen_cahn_1017_a1e-04,PASS,,6.149007150088581e-14,15.24568117711934,"{""reference_gradient_pass"": true, ""finite_damped_or_proximal_stability_pass"": true, ""curvature_stability"": ""STABLE"", ""physical_fit_preserved"": true, ""REFERENCE_CAPABLE"": true, ""raw_local_minimum"": false}",18,2.03937232401222
multi_1026,0.0001,tasks_grid/multi_1026_a1e-04,PASS,,2.8791439099413105e-15,36.589115233599166,"{""reference_gradient_pass"": true, ""finite_damped_or_proximal_stability_pass"": true, ""curvature_stability"": ""STABLE"", ""physical_fit_preserved"": true, ""REFERENCE_CAPABLE"": true, ""raw_local_minimum"": false}",9,3.8010479698423296
multi_1027,0.0001,tasks_grid/multi_1027_a1e-04,PASS,,1.1796601214459552e-13,12.429861661545019,"{""reference_gradient_pass"": true, ""finite_damped_or_proximal_stability_pass"": true, ""curvature_stability"": ""STABLE"", ""physical_fit_preserved"": true, ""REFERENCE_CAPABLE"": true, ""raw_local_minimum"": false}",24,3.98256972595118
burgers_1006,0.01,tasks_grid/burgers_1006_a1e-02,PASS,,7.126213375099847e-12,3303.337365423312,"{""reference_gradient_pass"": true, ""finite_damped_or_proximal_stability_pass"": true, ""curvature_stability"": ""STABLE"", ""physical_fit_preserved"": true, ""REFERENCE_CAPABLE"": true, ""raw_local_minimum"": false}",16,2.417692044051364
burgers_1007,0.01,tasks_grid/burgers_1007_a1e-02,PASS,,7.718343408805938e-11,3021.5376754142994,"{""reference_gradient_pass"": true, ""finite_damped_or_proximal_stability_pass"": true, ""curvature_stability"": ""STABLE"", ""physical_fit_preserved"": true, ""REFERENCE_CAPABLE"": true, ""raw_local_minimum"": false}",18,2.2178824241273105
allen_cahn_1016,0.01,tasks_grid/allen_cahn_1016_a1e-02,PASS,,1.0180806253353945e-11,672.7446620497363,"{""reference_gradient_pass"": true, ""finite_damped_or_proximal_stability_pass"": true, ""curvature_stability"": ""STABLE"", ""physical_fit_preserved"": true, ""REFERENCE_CAPABLE"": true, ""raw_local_minimum"": false}",21,1.9343945269938558
allen_cahn_1017,0.01,tasks_grid/allen_cahn_1017_a1e-02,PASS,,3.983820422994923e-12,1524.568117711934,"{""reference_gradient_pass"": true, ""finite_damped_or_proximal_stability_pass"": true, ""curvature_stability"": ""STABLE"", ""physical_fit_preserved"": true, ""REFERENCE_CAPABLE"": true, ""raw_local_minimum"": false}",13,1.8783118349965662
multi_1026,0.01,tasks_grid/multi_1026_a1e-02,PASS,,2.7765125299434417e-14,3658.9115233599164,"{""reference_gradient_pass"": true, ""finite_damped_or_proximal_stability_pass"": true, ""curvature_stability"": ""STABLE"", ""physical_fit_preserved"": true, ""REFERENCE_CAPABLE"": true, ""raw_local_minimum"": false}",7,2.448088464094326
multi_1027,0.01,tasks_grid/multi_1027_a1e-02,PASS,,5.958387794771882e-14,1242.986166154502,"{""reference_gradient_pass"": true, ""finite_damped_or_proximal_stability_pass"": true, ""curvature_stability"": ""STABLE"", ""physical_fit_preserved"": true, ""REFERENCE_CAPABLE"": true, ""raw_local_minimum"": false}",11,2.687424372881651
