status,failure_reason,F_SO,F_GN,F_RAW,solves,GN_seconds,SO_increment_seconds,GN_quadratic_diagnostic_seconds,total_seconds,operation_counts,HVP_count,A_matvec_count,explicit_jacobians,explicit_hessians,forbidden_entry_attempts,route,CG_stability,pass_label,n,m,shared_process_memory,numerical_status,execution_disposition,attempted,upstream_gate
PASS,,[[4.859008773199684]],[[4.859008241438384]],[[5.000000000000003]],"[{""iterations"": 9, ""verified_relative_residual"": 7.489145327365838e-11, ""target_converged"": true}]",7.5431363000534475,0.5808367000427097,0.23459629993885756,8.48442860005889,"{""residual"": 1, ""jvp_parameter"": 1, ""vjp_theta"": 21, ""jvp_theta"": 21}",1,20,0,0,[],true_MF_GN_plus_AD_HVP,two_pass_A_conjugacy_reorthogonalization_true_residual_each_iteration,cold,100001,213,"{""exit_code"": 0, ""status"": ""PASS"", ""failure_reason"": null, ""wall_seconds"": 51.27064070000779, ""sampled_peak_rss_bytes"": 1046962176, ""os_peak_working_set_bytes"": 1047072768, ""memory_limit_bytes"": 9274638336, ""memory_source"": ""Windows Job process tree, 20ms sum RSS samples; sum of process OS peaks is an upper estimate of simultaneous working-set peak"", ""timeout_seconds"": 1200, ""observed_process_ids"": [37068, 52012], ""process_tree_kill_enforced"": true, ""timing_kind"": ""measured""}",PASS,COMPLETED,,
PASS,,[[4.859008773199684]],[[4.859008241438384]],[[5.000000000000003]],"[{""iterations"": 9, ""verified_relative_residual"": 7.489145327365838e-11, ""target_converged"": true}]",7.180654300027527,0.5387480000499636,0.24386010004673153,8.087040000013076,"{""residual"": 1, ""jvp_parameter"": 1, ""vjp_theta"": 21, ""jvp_theta"": 21}",1,20,0,0,[],true_MF_GN_plus_AD_HVP,two_pass_A_conjugacy_reorthogonalization_true_residual_each_iteration,warmup,100001,213,"{""exit_code"": 0, ""status"": ""PASS"", ""failure_reason"": null, ""wall_seconds"": 51.27064070000779, ""sampled_peak_rss_bytes"": 1046962176, ""os_peak_working_set_bytes"": 1047072768, ""memory_limit_bytes"": 9274638336, ""memory_source"": ""Windows Job process tree, 20ms sum RSS samples; sum of process OS peaks is an upper estimate of simultaneous working-set peak"", ""timeout_seconds"": 1200, ""observed_process_ids"": [37068, 52012], ""process_tree_kill_enforced"": true, ""timing_kind"": ""measured""}",PASS,COMPLETED,,
PASS,,[[4.859008773199684]],[[4.859008241438384]],[[5.000000000000003]],"[{""iterations"": 9, ""verified_relative_residual"": 7.489145327365838e-11, ""target_converged"": true}]",7.317214999930002,0.5271287000505254,0.20416890003252774,8.178370599984191,"{""residual"": 1, ""jvp_parameter"": 1, ""vjp_theta"": 21, ""jvp_theta"": 21}",1,20,0,0,[],true_MF_GN_plus_AD_HVP,two_pass_A_conjugacy_reorthogonalization_true_residual_each_iteration,steady_1,100001,213,"{""exit_code"": 0, ""status"": ""PASS"", ""failure_reason"": null, ""wall_seconds"": 51.27064070000779, ""sampled_peak_rss_bytes"": 1046962176, ""os_peak_working_set_bytes"": 1047072768, ""memory_limit_bytes"": 9274638336, ""memory_source"": ""Windows Job process tree, 20ms sum RSS samples; sum of process OS peaks is an upper estimate of simultaneous working-set peak"", ""timeout_seconds"": 1200, ""observed_process_ids"": [37068, 52012], ""process_tree_kill_enforced"": true, ""timing_kind"": ""measured""}",PASS,COMPLETED,,
PASS,,[[4.859008773199684]],[[4.859008241438384]],[[5.000000000000003]],"[{""iterations"": 9, ""verified_relative_residual"": 7.489145327365838e-11, ""target_converged"": true}]",7.25994380004704,0.5262421000516042,0.24294290004763752,8.171743000042625,"{""residual"": 1, ""jvp_parameter"": 1, ""vjp_theta"": 21, ""jvp_theta"": 21}",1,20,0,0,[],true_MF_GN_plus_AD_HVP,two_pass_A_conjugacy_reorthogonalization_true_residual_each_iteration,steady_2,100001,213,"{""exit_code"": 0, ""status"": ""PASS"", ""failure_reason"": null, ""wall_seconds"": 51.27064070000779, ""sampled_peak_rss_bytes"": 1046962176, ""os_peak_working_set_bytes"": 1047072768, ""memory_limit_bytes"": 9274638336, ""memory_source"": ""Windows Job process tree, 20ms sum RSS samples; sum of process OS peaks is an upper estimate of simultaneous working-set peak"", ""timeout_seconds"": 1200, ""observed_process_ids"": [37068, 52012], ""process_tree_kill_enforced"": true, ""timing_kind"": ""measured""}",PASS,COMPLETED,,
PASS,,[[4.859008773199684]],[[4.859008241438384]],[[5.000000000000003]],"[{""iterations"": 9, ""verified_relative_residual"": 7.489145327365838e-11, ""target_converged"": true}]",7.297066100058146,0.49592669995035976,0.2312847999855876,8.166512499912642,"{""residual"": 1, ""jvp_parameter"": 1, ""vjp_theta"": 21, ""jvp_theta"": 21}",1,20,0,0,[],true_MF_GN_plus_AD_HVP,two_pass_A_conjugacy_reorthogonalization_true_residual_each_iteration,steady_3,100001,213,"{""exit_code"": 0, ""status"": ""PASS"", ""failure_reason"": null, ""wall_seconds"": 51.27064070000779, ""sampled_peak_rss_bytes"": 1046962176, ""os_peak_working_set_bytes"": 1047072768, ""memory_limit_bytes"": 9274638336, ""memory_source"": ""Windows Job process tree, 20ms sum RSS samples; sum of process OS peaks is an upper estimate of simultaneous working-set peak"", ""timeout_seconds"": 1200, ""observed_process_ids"": [37068, 52012], ""process_tree_kill_enforced"": true, ""timing_kind"": ""measured""}",PASS,COMPLETED,,
SOLVER_FAILURE,resource_limit,,,,,,,,,,,,,,,,,cold,100001,3413,"{""exit_code"": 1, ""status"": ""SOLVER_FAILURE"", ""failure_reason"": ""resource_limit"", ""wall_seconds"": 305.658325000084, ""sampled_peak_rss_bytes"": 8928632832, ""os_peak_working_set_bytes"": 8928935936, ""memory_limit_bytes"": 8884951449, ""memory_source"": ""Windows Job process tree, 20ms sum RSS samples; sum of process OS peaks is an upper estimate of simultaneous working-set peak"", ""timeout_seconds"": 1200, ""observed_process_ids"": [12460, 12532], ""process_tree_kill_enforced"": true, ""timing_kind"": ""measured""}",SOLVER_FAILURE,INTERRUPTED,True,n100001_m3413 process memory limit
,resource_limit,,,,,,,,,,,,,,,,,warmup,100001,3413,"{""exit_code"": 1, ""status"": ""SOLVER_FAILURE"", ""failure_reason"": ""resource_limit"", ""wall_seconds"": 305.658325000084, ""sampled_peak_rss_bytes"": 8928632832, ""os_peak_working_set_bytes"": 8928935936, ""memory_limit_bytes"": 8884951449, ""memory_source"": ""Windows Job process tree, 20ms sum RSS samples; sum of process OS peaks is an upper estimate of simultaneous working-set peak"", ""timeout_seconds"": 1200, ""observed_process_ids"": [12460, 12532], ""process_tree_kill_enforced"": true, ""timing_kind"": ""measured""}",,PROTOCOL_STOP,False,n100001_m3413 process memory limit
,resource_limit,,,,,,,,,,,,,,,,,steady_1,100001,3413,"{""exit_code"": 1, ""status"": ""SOLVER_FAILURE"", ""failure_reason"": ""resource_limit"", ""wall_seconds"": 305.658325000084, ""sampled_peak_rss_bytes"": 8928632832, ""os_peak_working_set_bytes"": 8928935936, ""memory_limit_bytes"": 8884951449, ""memory_source"": ""Windows Job process tree, 20ms sum RSS samples; sum of process OS peaks is an upper estimate of simultaneous working-set peak"", ""timeout_seconds"": 1200, ""observed_process_ids"": [12460, 12532], ""process_tree_kill_enforced"": true, ""timing_kind"": ""measured""}",,PROTOCOL_STOP,False,n100001_m3413 process memory limit
,resource_limit,,,,,,,,,,,,,,,,,steady_2,100001,3413,"{""exit_code"": 1, ""status"": ""SOLVER_FAILURE"", ""failure_reason"": ""resource_limit"", ""wall_seconds"": 305.658325000084, ""sampled_peak_rss_bytes"": 8928632832, ""os_peak_working_set_bytes"": 8928935936, ""memory_limit_bytes"": 8884951449, ""memory_source"": ""Windows Job process tree, 20ms sum RSS samples; sum of process OS peaks is an upper estimate of simultaneous working-set peak"", ""timeout_seconds"": 1200, ""observed_process_ids"": [12460, 12532], ""process_tree_kill_enforced"": true, ""timing_kind"": ""measured""}",,PROTOCOL_STOP,False,n100001_m3413 process memory limit
,resource_limit,,,,,,,,,,,,,,,,,steady_3,100001,3413,"{""exit_code"": 1, ""status"": ""SOLVER_FAILURE"", ""failure_reason"": ""resource_limit"", ""wall_seconds"": 305.658325000084, ""sampled_peak_rss_bytes"": 8928632832, ""os_peak_working_set_bytes"": 8928935936, ""memory_limit_bytes"": 8884951449, ""memory_source"": ""Windows Job process tree, 20ms sum RSS samples; sum of process OS peaks is an upper estimate of simultaneous working-set peak"", ""timeout_seconds"": 1200, ""observed_process_ids"": [12460, 12532], ""process_tree_kill_enforced"": true, ""timing_kind"": ""measured""}",,PROTOCOL_STOP,False,n100001_m3413 process memory limit
PASS,,[[4.8577593104397065]],[[4.857764868388746]],[[4.999999999999998]],"[{""iterations"": 9, ""verified_relative_residual"": 6.961714180127963e-11, ""target_converged"": true}]",31.078629199997522,2.687591499998234,0.844376299995929,35.17571300000418,"{""residual"": 1, ""jvp_parameter"": 1, ""vjp_theta"": 21, ""jvp_theta"": 21}",1,20,0,0,[],true_MF_GN_plus_AD_HVP,two_pass_A_conjugacy_reorthogonalization_true_residual_each_iteration,cold,100001,853,"{""exit_code"": 0, ""status"": ""PASS"", ""failure_reason"": null, ""wall_seconds"": 210.01443129999097, ""sampled_peak_rss_bytes"": 3360579584, ""os_peak_working_set_bytes"": 3360686080, ""memory_limit_bytes"": 9409003520, ""memory_source"": ""Windows Job process tree, 20ms sum RSS samples; sum of process OS peaks is an upper estimate of simultaneous working-set peak"", ""timeout_seconds"": 1200, ""observed_process_ids"": [9776, 32840], ""process_tree_kill_enforced"": true, ""timing_kind"": ""measured""}",PASS,COMPLETED,,
PASS,,[[4.8577593104397065]],[[4.857764868388746]],[[4.999999999999998]],"[{""iterations"": 9, ""verified_relative_residual"": 6.961714180127963e-11, ""target_converged"": true}]",30.808786000008695,2.6983318999409676,0.9824834000319242,35.013853700016625,"{""residual"": 1, ""jvp_parameter"": 1, ""vjp_theta"": 21, ""jvp_theta"": 21}",1,20,0,0,[],true_MF_GN_plus_AD_HVP,two_pass_A_conjugacy_reorthogonalization_true_residual_each_iteration,warmup,100001,853,"{""exit_code"": 0, ""status"": ""PASS"", ""failure_reason"": null, ""wall_seconds"": 210.01443129999097, ""sampled_peak_rss_bytes"": 3360579584, ""os_peak_working_set_bytes"": 3360686080, ""memory_limit_bytes"": 9409003520, ""memory_source"": ""Windows Job process tree, 20ms sum RSS samples; sum of process OS peaks is an upper estimate of simultaneous working-set peak"", ""timeout_seconds"": 1200, ""observed_process_ids"": [9776, 32840], ""process_tree_kill_enforced"": true, ""timing_kind"": ""measured""}",PASS,COMPLETED,,
PASS,,[[4.8577593104397065]],[[4.857764868388746]],[[4.999999999999998]],"[{""iterations"": 9, ""verified_relative_residual"": 6.961714180127963e-11, ""target_converged"": true}]",30.804983300040476,2.6047318999189883,0.9145920000737533,34.86418849998154,"{""residual"": 1, ""jvp_parameter"": 1, ""vjp_theta"": 21, ""jvp_theta"": 21}",1,20,0,0,[],true_MF_GN_plus_AD_HVP,two_pass_A_conjugacy_reorthogonalization_true_residual_each_iteration,steady_1,100001,853,"{""exit_code"": 0, ""status"": ""PASS"", ""failure_reason"": null, ""wall_seconds"": 210.01443129999097, ""sampled_peak_rss_bytes"": 3360579584, ""os_peak_working_set_bytes"": 3360686080, ""memory_limit_bytes"": 9409003520, ""memory_source"": ""Windows Job process tree, 20ms sum RSS samples; sum of process OS peaks is an upper estimate of simultaneous working-set peak"", ""timeout_seconds"": 1200, ""observed_process_ids"": [9776, 32840], ""process_tree_kill_enforced"": true, ""timing_kind"": ""measured""}",PASS,COMPLETED,,
PASS,,[[4.8577593104397065]],[[4.857764868388746]],[[4.999999999999998]],"[{""iterations"": 9, ""verified_relative_residual"": 6.961714180127963e-11, ""target_converged"": true}]",30.947659200057387,2.5752739999443293,0.9192793000256643,34.993070199969225,"{""residual"": 1, ""jvp_parameter"": 1, ""vjp_theta"": 21, ""jvp_theta"": 21}",1,20,0,0,[],true_MF_GN_plus_AD_HVP,two_pass_A_conjugacy_reorthogonalization_true_residual_each_iteration,steady_2,100001,853,"{""exit_code"": 0, ""status"": ""PASS"", ""failure_reason"": null, ""wall_seconds"": 210.01443129999097, ""sampled_peak_rss_bytes"": 3360579584, ""os_peak_working_set_bytes"": 3360686080, ""memory_limit_bytes"": 9409003520, ""memory_source"": ""Windows Job process tree, 20ms sum RSS samples; sum of process OS peaks is an upper estimate of simultaneous working-set peak"", ""timeout_seconds"": 1200, ""observed_process_ids"": [9776, 32840], ""process_tree_kill_enforced"": true, ""timing_kind"": ""measured""}",PASS,COMPLETED,,
PASS,,[[4.8577593104397065]],[[4.857764868388746]],[[4.999999999999998]],"[{""iterations"": 9, ""verified_relative_residual"": 6.961714180127963e-11, ""target_converged"": true}]",31.02241930004675,2.603612000006251,0.9170112999854609,35.0629863999784,"{""residual"": 1, ""jvp_parameter"": 1, ""vjp_theta"": 21, ""jvp_theta"": 21}",1,20,0,0,[],true_MF_GN_plus_AD_HVP,two_pass_A_conjugacy_reorthogonalization_true_residual_each_iteration,steady_3,100001,853,"{""exit_code"": 0, ""status"": ""PASS"", ""failure_reason"": null, ""wall_seconds"": 210.01443129999097, ""sampled_peak_rss_bytes"": 3360579584, ""os_peak_working_set_bytes"": 3360686080, ""memory_limit_bytes"": 9409003520, ""memory_source"": ""Windows Job process tree, 20ms sum RSS samples; sum of process OS peaks is an upper estimate of simultaneous working-set peak"", ""timeout_seconds"": 1200, ""observed_process_ids"": [9776, 32840], ""process_tree_kill_enforced"": true, ""timing_kind"": ""measured""}",PASS,COMPLETED,,
PASS,,[[4.161756943093867]],[[4.161733544528035]],[[5.000000000000003]],"[{""iterations"": 13, ""verified_relative_residual"": 6.829321456629047e-13, ""target_converged"": true}]",0.8382118999725208,0.043883999926038086,0.01938820001669228,0.911924900021404,"{""residual"": 1, ""jvp_parameter"": 1, ""vjp_theta"": 29, ""jvp_theta"": 29}",1,28,0,0,[],true_MF_GN_plus_AD_HVP,two_pass_A_conjugacy_reorthogonalization_true_residual_each_iteration,cold,10001,213,"{""exit_code"": 0, ""status"": ""PASS"", ""failure_reason"": null, ""wall_seconds"": 7.8705621000844985, ""sampled_peak_rss_bytes"": 377794560, ""os_peak_working_set_bytes"": 377876480, ""memory_limit_bytes"": 9749463040, ""memory_source"": ""Windows Job process tree, 20ms sum RSS samples; sum of process OS peaks is an upper estimate of simultaneous working-set peak"", ""timeout_seconds"": 1200, ""observed_process_ids"": [28780, 32788], ""process_tree_kill_enforced"": true, ""timing_kind"": ""measured""}",PASS,COMPLETED,,
PASS,,[[4.161756943093867]],[[4.161733544528035]],[[5.000000000000003]],"[{""iterations"": 13, ""verified_relative_residual"": 6.829321456629047e-13, ""target_converged"": true}]",0.877406399929896,0.053346100030466914,0.021311999997124076,0.9627876000013202,"{""residual"": 1, ""jvp_parameter"": 1, ""vjp_theta"": 29, ""jvp_theta"": 29}",1,28,0,0,[],true_MF_GN_plus_AD_HVP,two_pass_A_conjugacy_reorthogonalization_true_residual_each_iteration,warmup,10001,213,"{""exit_code"": 0, ""status"": ""PASS"", ""failure_reason"": null, ""wall_seconds"": 7.8705621000844985, ""sampled_peak_rss_bytes"": 377794560, ""os_peak_working_set_bytes"": 377876480, ""memory_limit_bytes"": 9749463040, ""memory_source"": ""Windows Job process tree, 20ms sum RSS samples; sum of process OS peaks is an upper estimate of simultaneous working-set peak"", ""timeout_seconds"": 1200, ""observed_process_ids"": [28780, 32788], ""process_tree_kill_enforced"": true, ""timing_kind"": ""measured""}",PASS,COMPLETED,,
PASS,,[[4.161756943093867]],[[4.161733544528035]],[[5.000000000000003]],"[{""iterations"": 13, ""verified_relative_residual"": 6.829321456629047e-13, ""target_converged"": true}]",0.8815014000283554,0.04173099994659424,0.018367100041359663,0.9520535999909043,"{""residual"": 1, ""jvp_parameter"": 1, ""vjp_theta"": 29, ""jvp_theta"": 29}",1,28,0,0,[],true_MF_GN_plus_AD_HVP,two_pass_A_conjugacy_reorthogonalization_true_residual_each_iteration,steady_1,10001,213,"{""exit_code"": 0, ""status"": ""PASS"", ""failure_reason"": null, ""wall_seconds"": 7.8705621000844985, ""sampled_peak_rss_bytes"": 377794560, ""os_peak_working_set_bytes"": 377876480, ""memory_limit_bytes"": 9749463040, ""memory_source"": ""Windows Job process tree, 20ms sum RSS samples; sum of process OS peaks is an upper estimate of simultaneous working-set peak"", ""timeout_seconds"": 1200, ""observed_process_ids"": [28780, 32788], ""process_tree_kill_enforced"": true, ""timing_kind"": ""measured""}",PASS,COMPLETED,,
PASS,,[[4.161756943093867]],[[4.161733544528035]],[[5.000000000000003]],"[{""iterations"": 13, ""verified_relative_residual"": 6.829321456629047e-13, ""target_converged"": true}]",0.8575389999896288,0.042703800019808114,0.02036149997729808,0.9312135999789461,"{""residual"": 1, ""jvp_parameter"": 1, ""vjp_theta"": 29, ""jvp_theta"": 29}",1,28,0,0,[],true_MF_GN_plus_AD_HVP,two_pass_A_conjugacy_reorthogonalization_true_residual_each_iteration,steady_2,10001,213,"{""exit_code"": 0, ""status"": ""PASS"", ""failure_reason"": null, ""wall_seconds"": 7.8705621000844985, ""sampled_peak_rss_bytes"": 377794560, ""os_peak_working_set_bytes"": 377876480, ""memory_limit_bytes"": 9749463040, ""memory_source"": ""Windows Job process tree, 20ms sum RSS samples; sum of process OS peaks is an upper estimate of simultaneous working-set peak"", ""timeout_seconds"": 1200, ""observed_process_ids"": [28780, 32788], ""process_tree_kill_enforced"": true, ""timing_kind"": ""measured""}",PASS,COMPLETED,,
PASS,,[[4.161756943093867]],[[4.161733544528035]],[[5.000000000000003]],"[{""iterations"": 13, ""verified_relative_residual"": 6.829321456629047e-13, ""target_converged"": true}]",0.9241208999883384,0.045401299954392016,0.021600599982775748,1.0017830999568105,"{""residual"": 1, ""jvp_parameter"": 1, ""vjp_theta"": 29, ""jvp_theta"": 29}",1,28,0,0,[],true_MF_GN_plus_AD_HVP,two_pass_A_conjugacy_reorthogonalization_true_residual_each_iteration,steady_3,10001,213,"{""exit_code"": 0, ""status"": ""PASS"", ""failure_reason"": null, ""wall_seconds"": 7.8705621000844985, ""sampled_peak_rss_bytes"": 377794560, ""os_peak_working_set_bytes"": 377876480, ""memory_limit_bytes"": 9749463040, ""memory_source"": ""Windows Job process tree, 20ms sum RSS samples; sum of process OS peaks is an upper estimate of simultaneous working-set peak"", ""timeout_seconds"": 1200, ""observed_process_ids"": [28780, 32788], ""process_tree_kill_enforced"": true, ""timing_kind"": ""measured""}",PASS,COMPLETED,,
PASS,,[[4.202788792882797]],[[4.2032185749866375]],[[5.000000000000003]],"[{""iterations"": 13, ""verified_relative_residual"": 2.1136568003343287e-12, ""target_converged"": true}]",16.08002870006021,1.0022645000135526,0.36707599996589124,17.67284280003514,"{""residual"": 1, ""jvp_parameter"": 1, ""vjp_theta"": 29, ""jvp_theta"": 29}",1,28,0,0,[],true_MF_GN_plus_AD_HVP,two_pass_A_conjugacy_reorthogonalization_true_residual_each_iteration,cold,10001,3413,"{""exit_code"": 0, ""status"": ""PASS"", ""failure_reason"": null, ""wall_seconds"": 100.75556429999415, ""sampled_peak_rss_bytes"": 1578795008, ""os_peak_working_set_bytes"": 1578901504, ""memory_limit_bytes"": 9710426521, ""memory_source"": ""Windows Job process tree, 20ms sum RSS samples; sum of process OS peaks is an upper estimate of simultaneous working-set peak"", ""timeout_seconds"": 1200, ""observed_process_ids"": [28640, 49196], ""process_tree_kill_enforced"": true, ""timing_kind"": ""measured""}",PASS,COMPLETED,,
PASS,,[[4.202788792882797]],[[4.2032185749866375]],[[5.000000000000003]],"[{""iterations"": 13, ""verified_relative_residual"": 2.1136568003343287e-12, ""target_converged"": true}]",15.595476300106384,1.0244189000222832,0.36579169996548444,17.2150457999669,"{""residual"": 1, ""jvp_parameter"": 1, ""vjp_theta"": 29, ""jvp_theta"": 29}",1,28,0,0,[],true_MF_GN_plus_AD_HVP,two_pass_A_conjugacy_reorthogonalization_true_residual_each_iteration,warmup,10001,3413,"{""exit_code"": 0, ""status"": ""PASS"", ""failure_reason"": null, ""wall_seconds"": 100.75556429999415, ""sampled_peak_rss_bytes"": 1578795008, ""os_peak_working_set_bytes"": 1578901504, ""memory_limit_bytes"": 9710426521, ""memory_source"": ""Windows Job process tree, 20ms sum RSS samples; sum of process OS peaks is an upper estimate of simultaneous working-set peak"", ""timeout_seconds"": 1200, ""observed_process_ids"": [28640, 49196], ""process_tree_kill_enforced"": true, ""timing_kind"": ""measured""}",PASS,COMPLETED,,
PASS,,[[4.202788792882797]],[[4.2032185749866375]],[[5.000000000000003]],"[{""iterations"": 13, ""verified_relative_residual"": 2.1136568003343287e-12, ""target_converged"": true}]",15.803635399905033,0.9828703000675887,0.41215380001813173,17.429157700040378,"{""residual"": 1, ""jvp_parameter"": 1, ""vjp_theta"": 29, ""jvp_theta"": 29}",1,28,0,0,[],true_MF_GN_plus_AD_HVP,two_pass_A_conjugacy_reorthogonalization_true_residual_each_iteration,steady_1,10001,3413,"{""exit_code"": 0, ""status"": ""PASS"", ""failure_reason"": null, ""wall_seconds"": 100.75556429999415, ""sampled_peak_rss_bytes"": 1578795008, ""os_peak_working_set_bytes"": 1578901504, ""memory_limit_bytes"": 9710426521, ""memory_source"": ""Windows Job process tree, 20ms sum RSS samples; sum of process OS peaks is an upper estimate of simultaneous working-set peak"", ""timeout_seconds"": 1200, ""observed_process_ids"": [28640, 49196], ""process_tree_kill_enforced"": true, ""timing_kind"": ""measured""}",PASS,COMPLETED,,
PASS,,[[4.202788792882797]],[[4.2032185749866375]],[[5.000000000000003]],"[{""iterations"": 13, ""verified_relative_residual"": 2.1136568003343287e-12, ""target_converged"": true}]",15.443587800022215,1.03903139999602,0.35063260002061725,17.05061520007439,"{""residual"": 1, ""jvp_parameter"": 1, ""vjp_theta"": 29, ""jvp_theta"": 29}",1,28,0,0,[],true_MF_GN_plus_AD_HVP,two_pass_A_conjugacy_reorthogonalization_true_residual_each_iteration,steady_2,10001,3413,"{""exit_code"": 0, ""status"": ""PASS"", ""failure_reason"": null, ""wall_seconds"": 100.75556429999415, ""sampled_peak_rss_bytes"": 1578795008, ""os_peak_working_set_bytes"": 1578901504, ""memory_limit_bytes"": 9710426521, ""memory_source"": ""Windows Job process tree, 20ms sum RSS samples; sum of process OS peaks is an upper estimate of simultaneous working-set peak"", ""timeout_seconds"": 1200, ""observed_process_ids"": [28640, 49196], ""process_tree_kill_enforced"": true, ""timing_kind"": ""measured""}",PASS,COMPLETED,,
PASS,,[[4.202788792882797]],[[4.2032185749866375]],[[5.000000000000003]],"[{""iterations"": 13, ""verified_relative_residual"": 2.1136568003343287e-12, ""target_converged"": true}]",15.581290100002661,1.0054679999593645,0.3554915999993682,17.154984100023285,"{""residual"": 1, ""jvp_parameter"": 1, ""vjp_theta"": 29, ""jvp_theta"": 29}",1,28,0,0,[],true_MF_GN_plus_AD_HVP,two_pass_A_conjugacy_reorthogonalization_true_residual_each_iteration,steady_3,10001,3413,"{""exit_code"": 0, ""status"": ""PASS"", ""failure_reason"": null, ""wall_seconds"": 100.75556429999415, ""sampled_peak_rss_bytes"": 1578795008, ""os_peak_working_set_bytes"": 1578901504, ""memory_limit_bytes"": 9710426521, ""memory_source"": ""Windows Job process tree, 20ms sum RSS samples; sum of process OS peaks is an upper estimate of simultaneous working-set peak"", ""timeout_seconds"": 1200, ""observed_process_ids"": [28640, 49196], ""process_tree_kill_enforced"": true, ""timing_kind"": ""measured""}",PASS,COMPLETED,,
PASS,,[[4.182948479641925]],[[4.183223003524067]],[[4.999999999999998]],"[{""iterations"": 13, ""verified_relative_residual"": 1.5140588242183323e-12, ""target_converged"": true}]",3.42897060001269,0.2299743000185117,0.07336799998302013,3.7714614000869915,"{""residual"": 1, ""jvp_parameter"": 1, ""vjp_theta"": 29, ""jvp_theta"": 29}",1,28,0,0,[],true_MF_GN_plus_AD_HVP,two_pass_A_conjugacy_reorthogonalization_true_residual_each_iteration,cold,10001,853,"{""exit_code"": 0, ""status"": ""PASS"", ""failure_reason"": null, ""wall_seconds"": 24.349584299954586, ""sampled_peak_rss_bytes"": 609128448, ""os_peak_working_set_bytes"": 609361920, ""memory_limit_bytes"": 9715531776, ""memory_source"": ""Windows Job process tree, 20ms sum RSS samples; sum of process OS peaks is an upper estimate of simultaneous working-set peak"", ""timeout_seconds"": 1200, ""observed_process_ids"": [14612, 25552], ""process_tree_kill_enforced"": true, ""timing_kind"": ""measured""}",PASS,COMPLETED,,
PASS,,[[4.182948479641925]],[[4.183223003524067]],[[4.999999999999998]],"[{""iterations"": 13, ""verified_relative_residual"": 1.5140588242183323e-12, ""target_converged"": true}]",3.4737414000555873,0.2016662999521941,0.0734224000480026,3.7912501000100747,"{""residual"": 1, ""jvp_parameter"": 1, ""vjp_theta"": 29, ""jvp_theta"": 29}",1,28,0,0,[],true_MF_GN_plus_AD_HVP,two_pass_A_conjugacy_reorthogonalization_true_residual_each_iteration,warmup,10001,853,"{""exit_code"": 0, ""status"": ""PASS"", ""failure_reason"": null, ""wall_seconds"": 24.349584299954586, ""sampled_peak_rss_bytes"": 609128448, ""os_peak_working_set_bytes"": 609361920, ""memory_limit_bytes"": 9715531776, ""memory_source"": ""Windows Job process tree, 20ms sum RSS samples; sum of process OS peaks is an upper estimate of simultaneous working-set peak"", ""timeout_seconds"": 1200, ""observed_process_ids"": [14612, 25552], ""process_tree_kill_enforced"": true, ""timing_kind"": ""measured""}",PASS,COMPLETED,,
PASS,,[[4.182948479641925]],[[4.183223003524067]],[[4.999999999999998]],"[{""iterations"": 13, ""verified_relative_residual"": 1.5140588242183323e-12, ""target_converged"": true}]",3.5563072999939322,0.21443880000151694,0.07545040000695735,3.8861747999908403,"{""residual"": 1, ""jvp_parameter"": 1, ""vjp_theta"": 29, ""jvp_theta"": 29}",1,28,0,0,[],true_MF_GN_plus_AD_HVP,two_pass_A_conjugacy_reorthogonalization_true_residual_each_iteration,steady_1,10001,853,"{""exit_code"": 0, ""status"": ""PASS"", ""failure_reason"": null, ""wall_seconds"": 24.349584299954586, ""sampled_peak_rss_bytes"": 609128448, ""os_peak_working_set_bytes"": 609361920, ""memory_limit_bytes"": 9715531776, ""memory_source"": ""Windows Job process tree, 20ms sum RSS samples; sum of process OS peaks is an upper estimate of simultaneous working-set peak"", ""timeout_seconds"": 1200, ""observed_process_ids"": [14612, 25552], ""process_tree_kill_enforced"": true, ""timing_kind"": ""measured""}",PASS,COMPLETED,,
PASS,,[[4.182948479641925]],[[4.183223003524067]],[[4.999999999999998]],"[{""iterations"": 13, ""verified_relative_residual"": 1.5140588242183323e-12, ""target_converged"": true}]",3.5789018999785185,0.23011410003528,0.09335620002821088,3.9440825999481604,"{""residual"": 1, ""jvp_parameter"": 1, ""vjp_theta"": 29, ""jvp_theta"": 29}",1,28,0,0,[],true_MF_GN_plus_AD_HVP,two_pass_A_conjugacy_reorthogonalization_true_residual_each_iteration,steady_2,10001,853,"{""exit_code"": 0, ""status"": ""PASS"", ""failure_reason"": null, ""wall_seconds"": 24.349584299954586, ""sampled_peak_rss_bytes"": 609128448, ""os_peak_working_set_bytes"": 609361920, ""memory_limit_bytes"": 9715531776, ""memory_source"": ""Windows Job process tree, 20ms sum RSS samples; sum of process OS peaks is an upper estimate of simultaneous working-set peak"", ""timeout_seconds"": 1200, ""observed_process_ids"": [14612, 25552], ""process_tree_kill_enforced"": true, ""timing_kind"": ""measured""}",PASS,COMPLETED,,
PASS,,[[4.182948479641925]],[[4.183223003524067]],[[4.999999999999998]],"[{""iterations"": 13, ""verified_relative_residual"": 1.5140588242183323e-12, ""target_converged"": true}]",3.6117298000026494,0.20183909998741,0.07594939996488392,3.938165199942887,"{""residual"": 1, ""jvp_parameter"": 1, ""vjp_theta"": 29, ""jvp_theta"": 29}",1,28,0,0,[],true_MF_GN_plus_AD_HVP,two_pass_A_conjugacy_reorthogonalization_true_residual_each_iteration,steady_3,10001,853,"{""exit_code"": 0, ""status"": ""PASS"", ""failure_reason"": null, ""wall_seconds"": 24.349584299954586, ""sampled_peak_rss_bytes"": 609128448, ""os_peak_working_set_bytes"": 609361920, ""memory_limit_bytes"": 9715531776, ""memory_source"": ""Windows Job process tree, 20ms sum RSS samples; sum of process OS peaks is an upper estimate of simultaneous working-set peak"", ""timeout_seconds"": 1200, ""observed_process_ids"": [14612, 25552], ""process_tree_kill_enforced"": true, ""timing_kind"": ""measured""}",PASS,COMPLETED,,
PASS,,[[2.423172676373243]],[[2.4229791032437618]],[[5.000000000000003]],"[{""iterations"": 16, ""verified_relative_residual"": 4.7914031883498624e-12, ""target_converged"": true}]",0.3721851999871433,0.009472299949266016,0.007641299976967275,0.39918380009476095,"{""residual"": 1, ""jvp_parameter"": 1, ""vjp_theta"": 35, ""jvp_theta"": 35}",1,34,0,0,[],true_MF_GN_plus_AD_HVP,two_pass_A_conjugacy_reorthogonalization_true_residual_each_iteration,cold,1001,213,"{""exit_code"": 0, ""status"": ""PASS"", ""failure_reason"": null, ""wall_seconds"": 4.701589600066654, ""sampled_peak_rss_bytes"": 303042560, ""os_peak_working_set_bytes"": 303124480, ""memory_limit_bytes"": 9788787916, ""memory_source"": ""Windows Job process tree, 20ms sum RSS samples; sum of process OS peaks is an upper estimate of simultaneous working-set peak"", ""timeout_seconds"": 1200, ""observed_process_ids"": [10916, 50564], ""process_tree_kill_enforced"": true, ""timing_kind"": ""measured""}",PASS,COMPLETED,,
PASS,,[[2.423172676373243]],[[2.4229791032437618]],[[5.000000000000003]],"[{""iterations"": 16, ""verified_relative_residual"": 4.7914031883498624e-12, ""target_converged"": true}]",0.36872839997522533,0.008765700040385127,0.008353999932296574,0.38922330003697425,"{""residual"": 1, ""jvp_parameter"": 1, ""vjp_theta"": 35, ""jvp_theta"": 35}",1,34,0,0,[],true_MF_GN_plus_AD_HVP,two_pass_A_conjugacy_reorthogonalization_true_residual_each_iteration,warmup,1001,213,"{""exit_code"": 0, ""status"": ""PASS"", ""failure_reason"": null, ""wall_seconds"": 4.701589600066654, ""sampled_peak_rss_bytes"": 303042560, ""os_peak_working_set_bytes"": 303124480, ""memory_limit_bytes"": 9788787916, ""memory_source"": ""Windows Job process tree, 20ms sum RSS samples; sum of process OS peaks is an upper estimate of simultaneous working-set peak"", ""timeout_seconds"": 1200, ""observed_process_ids"": [10916, 50564], ""process_tree_kill_enforced"": true, ""timing_kind"": ""measured""}",PASS,COMPLETED,,
PASS,,[[2.423172676373243]],[[2.4229791032437618]],[[5.000000000000003]],"[{""iterations"": 16, ""verified_relative_residual"": 4.7914031883498624e-12, ""target_converged"": true}]",0.35884599993005395,0.007818900048732758,0.007740600034594536,0.37764149997383356,"{""residual"": 1, ""jvp_parameter"": 1, ""vjp_theta"": 35, ""jvp_theta"": 35}",1,34,0,0,[],true_MF_GN_plus_AD_HVP,two_pass_A_conjugacy_reorthogonalization_true_residual_each_iteration,steady_1,1001,213,"{""exit_code"": 0, ""status"": ""PASS"", ""failure_reason"": null, ""wall_seconds"": 4.701589600066654, ""sampled_peak_rss_bytes"": 303042560, ""os_peak_working_set_bytes"": 303124480, ""memory_limit_bytes"": 9788787916, ""memory_source"": ""Windows Job process tree, 20ms sum RSS samples; sum of process OS peaks is an upper estimate of simultaneous working-set peak"", ""timeout_seconds"": 1200, ""observed_process_ids"": [10916, 50564], ""process_tree_kill_enforced"": true, ""timing_kind"": ""measured""}",PASS,COMPLETED,,
PASS,,[[2.423172676373243]],[[2.4229791032437618]],[[5.000000000000003]],"[{""iterations"": 16, ""verified_relative_residual"": 4.7914031883498624e-12, ""target_converged"": true}]",0.3756899998988956,0.007492900011129677,0.008051599957980216,0.39437249989714473,"{""residual"": 1, ""jvp_parameter"": 1, ""vjp_theta"": 35, ""jvp_theta"": 35}",1,34,0,0,[],true_MF_GN_plus_AD_HVP,two_pass_A_conjugacy_reorthogonalization_true_residual_each_iteration,steady_2,1001,213,"{""exit_code"": 0, ""status"": ""PASS"", ""failure_reason"": null, ""wall_seconds"": 4.701589600066654, ""sampled_peak_rss_bytes"": 303042560, ""os_peak_working_set_bytes"": 303124480, ""memory_limit_bytes"": 9788787916, ""memory_source"": ""Windows Job process tree, 20ms sum RSS samples; sum of process OS peaks is an upper estimate of simultaneous working-set peak"", ""timeout_seconds"": 1200, ""observed_process_ids"": [10916, 50564], ""process_tree_kill_enforced"": true, ""timing_kind"": ""measured""}",PASS,COMPLETED,,
PASS,,[[2.423172676373243]],[[2.4229791032437618]],[[5.000000000000003]],"[{""iterations"": 16, ""verified_relative_residual"": 4.7914031883498624e-12, ""target_converged"": true}]",0.38872649997938424,0.0076543999603018165,0.007060400093905628,0.4070291999960318,"{""residual"": 1, ""jvp_parameter"": 1, ""vjp_theta"": 35, ""jvp_theta"": 35}",1,34,0,0,[],true_MF_GN_plus_AD_HVP,two_pass_A_conjugacy_reorthogonalization_true_residual_each_iteration,steady_3,1001,213,"{""exit_code"": 0, ""status"": ""PASS"", ""failure_reason"": null, ""wall_seconds"": 4.701589600066654, ""sampled_peak_rss_bytes"": 303042560, ""os_peak_working_set_bytes"": 303124480, ""memory_limit_bytes"": 9788787916, ""memory_source"": ""Windows Job process tree, 20ms sum RSS samples; sum of process OS peaks is an upper estimate of simultaneous working-set peak"", ""timeout_seconds"": 1200, ""observed_process_ids"": [10916, 50564], ""process_tree_kill_enforced"": true, ""timing_kind"": ""measured""}",PASS,COMPLETED,,
PASS,,[[2.6050199955141196]],[[2.607566137474604]],[[5.000000000000003]],"[{""iterations"": 16, ""verified_relative_residual"": 1.389158627190853e-11, ""target_converged"": true}]",1.6492006999906152,0.08069329999852926,0.030783499940298498,1.778498200001195,"{""residual"": 1, ""jvp_parameter"": 1, ""vjp_theta"": 35, ""jvp_theta"": 35}",1,34,0,0,[],true_MF_GN_plus_AD_HVP,two_pass_A_conjugacy_reorthogonalization_true_residual_each_iteration,cold,1001,3413,"{""exit_code"": 0, ""status"": ""PASS"", ""failure_reason"": null, ""wall_seconds"": 12.36618939996697, ""sampled_peak_rss_bytes"": 422948864, ""os_peak_working_set_bytes"": 423026688, ""memory_limit_bytes"": 9738659430, ""memory_source"": ""Windows Job process tree, 20ms sum RSS samples; sum of process OS peaks is an upper estimate of simultaneous working-set peak"", ""timeout_seconds"": 1200, ""observed_process_ids"": [20548, 25580], ""process_tree_kill_enforced"": true, ""timing_kind"": ""measured""}",PASS,COMPLETED,,
PASS,,[[2.6050199955141196]],[[2.607566137474604]],[[5.000000000000003]],"[{""iterations"": 16, ""verified_relative_residual"": 1.389158627190853e-11, ""target_converged"": true}]",1.6975232999539003,0.08088989998213947,0.03340700000990182,1.8283859000075608,"{""residual"": 1, ""jvp_parameter"": 1, ""vjp_theta"": 35, ""jvp_theta"": 35}",1,34,0,0,[],true_MF_GN_plus_AD_HVP,two_pass_A_conjugacy_reorthogonalization_true_residual_each_iteration,warmup,1001,3413,"{""exit_code"": 0, ""status"": ""PASS"", ""failure_reason"": null, ""wall_seconds"": 12.36618939996697, ""sampled_peak_rss_bytes"": 422948864, ""os_peak_working_set_bytes"": 423026688, ""memory_limit_bytes"": 9738659430, ""memory_source"": ""Windows Job process tree, 20ms sum RSS samples; sum of process OS peaks is an upper estimate of simultaneous working-set peak"", ""timeout_seconds"": 1200, ""observed_process_ids"": [20548, 25580], ""process_tree_kill_enforced"": true, ""timing_kind"": ""measured""}",PASS,COMPLETED,,
PASS,,[[2.6050199955141196]],[[2.607566137474604]],[[5.000000000000003]],"[{""iterations"": 16, ""verified_relative_residual"": 1.389158627190853e-11, ""target_converged"": true}]",1.6415698000928387,0.08099249994847924,0.031972200027666986,1.7719343000790104,"{""residual"": 1, ""jvp_parameter"": 1, ""vjp_theta"": 35, ""jvp_theta"": 35}",1,34,0,0,[],true_MF_GN_plus_AD_HVP,two_pass_A_conjugacy_reorthogonalization_true_residual_each_iteration,steady_1,1001,3413,"{""exit_code"": 0, ""status"": ""PASS"", ""failure_reason"": null, ""wall_seconds"": 12.36618939996697, ""sampled_peak_rss_bytes"": 422948864, ""os_peak_working_set_bytes"": 423026688, ""memory_limit_bytes"": 9738659430, ""memory_source"": ""Windows Job process tree, 20ms sum RSS samples; sum of process OS peaks is an upper estimate of simultaneous working-set peak"", ""timeout_seconds"": 1200, ""observed_process_ids"": [20548, 25580], ""process_tree_kill_enforced"": true, ""timing_kind"": ""measured""}",PASS,COMPLETED,,
PASS,,[[2.6050199955141196]],[[2.607566137474604]],[[5.000000000000003]],"[{""iterations"": 16, ""verified_relative_residual"": 1.389158627190853e-11, ""target_converged"": true}]",1.6295752000296488,0.07871489995159209,0.029599200002849102,1.7549189999699593,"{""residual"": 1, ""jvp_parameter"": 1, ""vjp_theta"": 35, ""jvp_theta"": 35}",1,34,0,0,[],true_MF_GN_plus_AD_HVP,two_pass_A_conjugacy_reorthogonalization_true_residual_each_iteration,steady_2,1001,3413,"{""exit_code"": 0, ""status"": ""PASS"", ""failure_reason"": null, ""wall_seconds"": 12.36618939996697, ""sampled_peak_rss_bytes"": 422948864, ""os_peak_working_set_bytes"": 423026688, ""memory_limit_bytes"": 9738659430, ""memory_source"": ""Windows Job process tree, 20ms sum RSS samples; sum of process OS peaks is an upper estimate of simultaneous working-set peak"", ""timeout_seconds"": 1200, ""observed_process_ids"": [20548, 25580], ""process_tree_kill_enforced"": true, ""timing_kind"": ""measured""}",PASS,COMPLETED,,
PASS,,[[2.6050199955141196]],[[2.607566137474604]],[[5.000000000000003]],"[{""iterations"": 16, ""verified_relative_residual"": 1.389158627190853e-11, ""target_converged"": true}]",1.5699484000215307,0.07730670005548745,0.03256259998306632,1.6956718999426812,"{""residual"": 1, ""jvp_parameter"": 1, ""vjp_theta"": 35, ""jvp_theta"": 35}",1,34,0,0,[],true_MF_GN_plus_AD_HVP,two_pass_A_conjugacy_reorthogonalization_true_residual_each_iteration,steady_3,1001,3413,"{""exit_code"": 0, ""status"": ""PASS"", ""failure_reason"": null, ""wall_seconds"": 12.36618939996697, ""sampled_peak_rss_bytes"": 422948864, ""os_peak_working_set_bytes"": 423026688, ""memory_limit_bytes"": 9738659430, ""memory_source"": ""Windows Job process tree, 20ms sum RSS samples; sum of process OS peaks is an upper estimate of simultaneous working-set peak"", ""timeout_seconds"": 1200, ""observed_process_ids"": [20548, 25580], ""process_tree_kill_enforced"": true, ""timing_kind"": ""measured""}",PASS,COMPLETED,,
PASS,,[[2.5323644878437337]],[[2.5340908782612006]],[[4.999999999999998]],"[{""iterations"": 16, ""verified_relative_residual"": 9.287107295466252e-12, ""target_converged"": true}]",0.5698839999968186,0.019771200022660196,0.012160300044342875,0.6073289999039844,"{""residual"": 1, ""jvp_parameter"": 1, ""vjp_theta"": 35, ""jvp_theta"": 35}",1,34,0,0,[],true_MF_GN_plus_AD_HVP,two_pass_A_conjugacy_reorthogonalization_true_residual_each_iteration,cold,1001,853,"{""exit_code"": 0, ""status"": ""PASS"", ""failure_reason"": null, ""wall_seconds"": 5.91615790000651, ""sampled_peak_rss_bytes"": 336277504, ""os_peak_working_set_bytes"": 336355328, ""memory_limit_bytes"": 9727793561, ""memory_source"": ""Windows Job process tree, 20ms sum RSS samples; sum of process OS peaks is an upper estimate of simultaneous working-set peak"", ""timeout_seconds"": 1200, ""observed_process_ids"": [16580, 35900], ""process_tree_kill_enforced"": true, ""timing_kind"": ""measured""}",PASS,COMPLETED,,
PASS,,[[2.5323644878437337]],[[2.5340908782612006]],[[4.999999999999998]],"[{""iterations"": 16, ""verified_relative_residual"": 9.287107295466252e-12, ""target_converged"": true}]",0.5588948000222445,0.02001789992209524,0.01173750008456409,0.5959103000350296,"{""residual"": 1, ""jvp_parameter"": 1, ""vjp_theta"": 35, ""jvp_theta"": 35}",1,34,0,0,[],true_MF_GN_plus_AD_HVP,two_pass_A_conjugacy_reorthogonalization_true_residual_each_iteration,warmup,1001,853,"{""exit_code"": 0, ""status"": ""PASS"", ""failure_reason"": null, ""wall_seconds"": 5.91615790000651, ""sampled_peak_rss_bytes"": 336277504, ""os_peak_working_set_bytes"": 336355328, ""memory_limit_bytes"": 9727793561, ""memory_source"": ""Windows Job process tree, 20ms sum RSS samples; sum of process OS peaks is an upper estimate of simultaneous working-set peak"", ""timeout_seconds"": 1200, ""observed_process_ids"": [16580, 35900], ""process_tree_kill_enforced"": true, ""timing_kind"": ""measured""}",PASS,COMPLETED,,
PASS,,[[2.5323644878437337]],[[2.5340908782612006]],[[4.999999999999998]],"[{""iterations"": 16, ""verified_relative_residual"": 9.287107295466252e-12, ""target_converged"": true}]",0.5759695000015199,0.01832010003272444,0.01186910003889352,0.6116813999833539,"{""residual"": 1, ""jvp_parameter"": 1, ""vjp_theta"": 35, ""jvp_theta"": 35}",1,34,0,0,[],true_MF_GN_plus_AD_HVP,two_pass_A_conjugacy_reorthogonalization_true_residual_each_iteration,steady_1,1001,853,"{""exit_code"": 0, ""status"": ""PASS"", ""failure_reason"": null, ""wall_seconds"": 5.91615790000651, ""sampled_peak_rss_bytes"": 336277504, ""os_peak_working_set_bytes"": 336355328, ""memory_limit_bytes"": 9727793561, ""memory_source"": ""Windows Job process tree, 20ms sum RSS samples; sum of process OS peaks is an upper estimate of simultaneous working-set peak"", ""timeout_seconds"": 1200, ""observed_process_ids"": [16580, 35900], ""process_tree_kill_enforced"": true, ""timing_kind"": ""measured""}",PASS,COMPLETED,,
PASS,,[[2.5323644878437337]],[[2.5340908782612006]],[[4.999999999999998]],"[{""iterations"": 16, ""verified_relative_residual"": 9.287107295466252e-12, ""target_converged"": true}]",0.6485761000076309,0.020931000006385148,0.012410099967382848,0.6899702999508008,"{""residual"": 1, ""jvp_parameter"": 1, ""vjp_theta"": 35, ""jvp_theta"": 35}",1,34,0,0,[],true_MF_GN_plus_AD_HVP,two_pass_A_conjugacy_reorthogonalization_true_residual_each_iteration,steady_2,1001,853,"{""exit_code"": 0, ""status"": ""PASS"", ""failure_reason"": null, ""wall_seconds"": 5.91615790000651, ""sampled_peak_rss_bytes"": 336277504, ""os_peak_working_set_bytes"": 336355328, ""memory_limit_bytes"": 9727793561, ""memory_source"": ""Windows Job process tree, 20ms sum RSS samples; sum of process OS peaks is an upper estimate of simultaneous working-set peak"", ""timeout_seconds"": 1200, ""observed_process_ids"": [16580, 35900], ""process_tree_kill_enforced"": true, ""timing_kind"": ""measured""}",PASS,COMPLETED,,
PASS,,[[2.5323644878437337]],[[2.5340908782612006]],[[4.999999999999998]],"[{""iterations"": 16, ""verified_relative_residual"": 9.287107295466252e-12, ""target_converged"": true}]",0.5828945999965072,0.017645400017499924,0.011522499960847199,0.6177492999704555,"{""residual"": 1, ""jvp_parameter"": 1, ""vjp_theta"": 35, ""jvp_theta"": 35}",1,34,0,0,[],true_MF_GN_plus_AD_HVP,two_pass_A_conjugacy_reorthogonalization_true_residual_each_iteration,steady_3,1001,853,"{""exit_code"": 0, ""status"": ""PASS"", ""failure_reason"": null, ""wall_seconds"": 5.91615790000651, ""sampled_peak_rss_bytes"": 336277504, ""os_peak_working_set_bytes"": 336355328, ""memory_limit_bytes"": 9727793561, ""memory_source"": ""Windows Job process tree, 20ms sum RSS samples; sum of process OS peaks is an upper estimate of simultaneous working-set peak"", ""timeout_seconds"": 1200, ""observed_process_ids"": [16580, 35900], ""process_tree_kill_enforced"": true, ""timing_kind"": ""measured""}",PASS,COMPLETED,,
